customer_id,first_name,last_name,email,phone,city,country,registration_date
161,Maria,Kowalczyk,user161@interia.pl,+48 682124765,Poznań,CZECH REPUBLIC,2026-01-18
141,Agnieszka,Zając,user141@interia.pl,+48 632100652,Poznań,Czech Republic,2024-05-09
370,Marek,Zając,user370@onet.pl,+48 614464073,  Szczecin  ,Austria,28/12/2024
3,Krzysztof,Jankowski,user3@onet.pl,+48 645667651,Poznań,FRANCE,2025-04-01
213,Natalia,Kozłowski,user213@gmail.com,+48 690418714,Białystok,POLAND,16/05/2024
237,Michał,Jankowski,user237@interia.pl,+48 687380687,Białystok,france,29/11/2024
95,Michał,Kowalczyk,,+48 699947759,Warszawa,austria,14/06/2025
256,Monika,Kowalski,user256@o2.pl,+48 661380637,Białystok,czech republic,2025-12-08
128,Rafał,Jankowski,user128@o2.pl,+48 671216573,Lublin,france,12/06/2024
307,Maria,Kamiński,user307@onet.pl,+48 698294624,Szczecin,czech republic,2024-09-05
353,Maria,Woźniak,user353@o2.pl,+48 618409776,Szczecin,poland,18/06/2025
174,Paweł,Zając,user174@wp.pl,+48 612086184,Szczecin,GERMANY,2026-02-11
303,Joanna,Kwiatkowski,user303@onet.pl,+48 679526622,Gdańsk,austria,13/04/2024
224,Michał,Zając,user224@onet.pl,+48 610820219,Kielce,Austria,2025-03-11
189,Agnieszka,Kowalski,user189@o2.pl,+48 631250794,Warszawa,France,2025-11-14
25,Katarzyna,Kowalski,user25@gmail.com,+48 609196777,  Białystok  ,germany,28/08/2024
91,Joanna,Lewandowski,user91@o2.pl,+48 691509696,Łódź,poland,2024-05-04
194,Krzysztof,Kozłowski,user194@wp.pl,+48 676206305,Kielce,germany,12/02/2025
356,Piotr,Jankowski,user356@gmail.com,+48 686481420,Wrocław,FRANCE,2025-10-07
15,Piotr,Nowak,user15@gmail.com,+48 671498611,Łódź,Czech Republic,2024-10-10
312,Katarzyna,Kwiatkowski,user312@interia.pl,+48 650378298,Kraków,slovakia,19/10/2025
327,Michał,Kwiatkowski,user327@onet.pl,,Katowice,FRANCE,28/05/2025
2,Piotr,Wójcik,user2@o2.pl,,Wrocław,austria,2024-08-08
152,Łukasz,Kozłowski,user152@onet.pl,+48 608469210,Rzeszów,CZECH REPUBLIC,2025-09-11
337,Aleksandra,Szymański,user337@gmail.com,+48 645135227,Poznań,FRANCE,05/06/2024
252,Aleksandra,Szymański,user252@onet.pl,+48 632020689,Poznań,France,30/01/2025
61,Krzysztof,Kamiński,user61@gmail.com,+48 660505620,Wrocław,slovakia,2026-03-05
432,Agnieszka,Kowalczyk,user432@wp.pl,,Łódź,FRANCE,28/09/2025
368,Maria,Nowak,user368@onet.pl,,Gdańsk,france,2025-12-16
394,Monika,Woźniak,user394@wp.pl,+48 601496555,Lublin,GERMANY,2024-08-01
54,Krzysztof,Jankowski,user54@interia.pl,+48 610993268,  Katowice  ,SLOVAKIA,17/08/2025
364,Barbara,Mazur,user364@interia.pl,+48 644411953,  Poznań  ,germany,2025-08-06
326,Michał,Woźniak,user326@o2.pl,+48 623112256,Poznań,slovakia,23/02/2026
147,Marek,Mazur,user147@o2.pl,+48 614923247,Poznań,POLAND,2024-07-05
404,Joanna,Dąbrowski,,+48 682414513,Kielce,SLOVAKIA,2024-09-01
208,Tomasz,Dąbrowski,user208@onet.pl,+48 698182614,Białystok,Slovakia,04/08/2025
241,Magdalena,Jankowski,user241@interia.pl,+48 664321792,Białystok,Slovakia,30/01/2025
14,Jan,Szymański,user14@gmail.com,,Gdańsk,FRANCE,2024-08-31
86,Agnieszka,Szymański,user86@interia.pl,,Rzeszów,czech republic,05/06/2024
4,Joanna,Szymański,user4@gmail.com,+48 671971316,Kraków,CZECH REPUBLIC,2024-06-29
332,Jan,Wójcik,user332@o2.pl,+48 663697356,Białystok,FRANCE,28/04/2024
372,Barbara,Kwiatkowski,user372@onet.pl,+48 623306944,Rzeszów,poland,09/05/2025
363,Agnieszka,Zając,user363@interia.pl,+48 674939694,  Białystok  ,Austria,09/12/2024
263,Joanna,Zając,user263@wp.pl,+48 698344554,Kraków,czech republic,29/01/2026
297,Maria,Kowalski,user297@gmail.com,+48 677025433,Szczecin,czech republic,2025-01-22
30,Maria,Kwiatkowski,user30@o2.pl,+48 637816686,Białystok,FRANCE,07/07/2025
99,Monika,Kozłowski,user99@gmail.com,+48 610106509,Łódź,Germany,21/02/2025
302,Katarzyna,Nowak,user302@onet.pl,+48 698926537,Warszawa,germany,02/03/2025
72,Katarzyna,Wójcik,user72@gmail.com,+48 654830300,Katowice,CZECH REPUBLIC,2024-04-10
13,Katarzyna,Dąbrowski,user13@wp.pl,+48 668137358,Białystok,France,07/10/2024
1,Maria,Kowalski,user1@onet.pl,+48 698847493,Kraków,SLOVAKIA,2026-03-04
1,Maria,Kowalski,user1@onet.pl,+48 698847493,Kraków,SLOVAKIA,2026-03-04
381,Joanna,Jankowski,user381@o2.pl,+48 697296379,Wrocław,Germany,2025-10-08
218,Rafał,Wójcik,user218@onet.pl,+48 687859993,Kielce,Czech Republic,17/11/2024
232,Tomasz,Kozłowski,user232@wp.pl,,Warszawa,czech republic,2025-11-19
361,Tomasz,Zając,user361@gmail.com,+48 659148126,  Warszawa  ,AUSTRIA,09/05/2024
184,Tomasz,Dąbrowski,user184@wp.pl,+48 664205866,Lublin,germany,21/09/2024
468,Aleksandra,Mazur,user468@o2.pl,+48 696771460,Kraków,Slovakia,2024-05-04
439,Joanna,Mazur,user439@interia.pl,+48 617601200,Białystok,Poland,12/09/2024
313,Łukasz,Nowak,user313@gmail.com,+48 642777459,Poznań,poland,21/10/2025
459,Krzysztof,Mazur,user459@gmail.com,+48 695923064,Wrocław,CZECH REPUBLIC,12/09/2025
210,Magdalena,Dąbrowski,user210@wp.pl,+48 690106068,Szczecin,France,2025-05-31
27,Rafał,Wójcik,user27@onet.pl,+48 640264926,Katowice,POLAND,04/09/2024
245,Paweł,Wiśniewski,user245@gmail.com,+48 639652241,Szczecin,POLAND,09/11/2025
94,Marek,Lewandowski,user94@gmail.com,+48 676762164,Gdańsk,AUSTRIA,29/05/2024
291,Monika,Kowalczyk,user291@interia.pl,+48 698697391,Gdańsk,FRANCE,15/11/2025
362,Paweł,Jankowski,user362@o2.pl,+48 689904987,Gdańsk,Austria,2024-05-26
475,Magdalena,Kozłowski,user475@o2.pl,+48 661568435,Rzeszów,POLAND,2025-02-16
415,Magdalena,Mazur,user415@gmail.com,+48 682510102,  Białystok  ,slovakia,2024-11-26
278,Tomasz,Dąbrowski,user278@o2.pl,+48 687219985,Kielce,France,02/08/2025
464,Anna,Kowalski,user464@onet.pl,+48 614413864,Łódź,France,13/04/2025
74,Tomasz,Kwiatkowski,user74@onet.pl,,Łódź,Slovakia,12/06/2025
243,Joanna,Wiśniewski,user243@gmail.com,+48 686574622,Kielce,France,2026-03-24
3,Krzysztof,Jankowski,user3@onet.pl,+48 645667651,Poznań,FRANCE,2025-04-01
253,Aleksandra,Wiśniewski,user253@interia.pl,+48 685295586,Lublin,Austria,2025-10-15
66,Katarzyna,Wójcik,user66@interia.pl,+48 679133014,Lublin,Poland,2025-03-30
429,Piotr,Dąbrowski,user429@gmail.com,+48 634587020,Lublin,SLOVAKIA,2025-03-13
417,Magdalena,Wójcik,user417@interia.pl,+48 651168696,Gdańsk,Austria,22/08/2024
274,Paweł,Wójcik,user274@wp.pl,+48 632123815,Katowice,germany,10/10/2024
424,Piotr,Szymański,,+48 653773642,Białystok,France,06/10/2025
266,Łukasz,Zając,,+48 627154689,Rzeszów,AUSTRIA,27/06/2025
425,Barbara,Zając,,+48 669545356,Poznań,slovakia,13/07/2024
140,Aleksandra,Wiśniewski,user140@onet.pl,+48 692992167,Białystok,Germany,2025-03-26
322,Aleksandra,Wiśniewski,user322@interia.pl,+48 622436477,Wrocław,GERMANY,2024-05-04
183,Marek,Kowalski,user183@interia.pl,+48 692677376,Wrocław,Slovakia,30/01/2026
476,Paweł,Kamiński,user476@o2.pl,+48 659460086,Gdańsk,Slovakia,2025-03-19
97,Maria,Kwiatkowski,user97@gmail.com,+48 659166287,Warszawa,AUSTRIA,04/05/2025
33,Jakub,Dąbrowski,user33@onet.pl,,Gdańsk,Poland,2025-07-22
393,Monika,Szymański,user393@interia.pl,+48 688680762,Warszawa,SLOVAKIA,22/09/2024
367,Rafał,Kamiński,user367@onet.pl,+48 644556611,Lublin,slovakia,26/12/2024
411,Anna,Wiśniewski,user411@onet.pl,+48 668805754,Warszawa,GERMANY,2025-10-01
346,Tomasz,Szymański,user346@interia.pl,+48 664075580,  Szczecin  ,SLOVAKIA,2026-03-20
59,Joanna,Nowak,user59@wp.pl,,Szczecin,poland,2024-12-19
321,Jakub,Kwiatkowski,user321@wp.pl,,  Rzeszów  ,Slovakia,10/05/2024
207,Anna,Zając,user207@gmail.com,+48 605937353,Szczecin,SLOVAKIA,05/02/2026
151,Joanna,Wójcik,user151@gmail.com,+48 698675126,Gdańsk,france,06/10/2025
169,Anna,Mazur,user169@gmail.com,,Kielce,france,01/02/2025
159,Joanna,Kamiński,user159@o2.pl,,Łódź,france,24/08/2024
300,Natalia,Jankowski,,+48 695746990,Gdańsk,czech republic,09/05/2025
225,Michał,Dąbrowski,user225@gmail.com,+48 611097943,Katowice,Austria,27/12/2025
163,Katarzyna,Kozłowski,user163@onet.pl,+48 668284040,Wrocław,Germany,2024-11-14
90,Piotr,Lewandowski,user90@gmail.com,+48 693147259,Poznań,POLAND,2025-04-01
130,Barbara,Zając,user130@o2.pl,+48 675764804,Kielce,SLOVAKIA,15/05/2025
348,Tomasz,Nowak,user348@o2.pl,+48 608762675,Warszawa,france,14/10/2024
24,Tomasz,Wójcik,user24@gmail.com,+48 672772208,Warszawa,POLAND,2024-10-07
15,Piotr,Nowak,user15@gmail.com,+48 671498611,Łódź,Czech Republic,2024-10-10
65,Rafał,Kamiński,user65@wp.pl,+48 630942292,Kraków,FRANCE,27/04/2024
93,Natalia,Wiśniewski,,+48 678862539,Poznań,Czech Republic,2025-05-29
440,Magdalena,Mazur,user440@onet.pl,+48 699125431,Łódź,POLAND,2024-06-27
186,Monika,Kozłowski,user186@interia.pl,+48 646815569,Lublin,AUSTRIA,2024-05-11
83,Krzysztof,Lewandowski,user83@interia.pl,+48 673989546,Łódź,slovakia,22/01/2026
107,Jakub,Wójcik,,+48 627804191,Białystok,GERMANY,2024-08-01
285,Maria,Dąbrowski,user285@gmail.com,+48 669226031,Warszawa,Poland,20/05/2025
19,Tomasz,Kozłowski,user19@o2.pl,+48 632614537,Katowice,GERMANY,06/04/2025
401,Aleksandra,Nowak,user401@onet.pl,+48 626364647,Poznań,AUSTRIA,2026-03-15
8,Agnieszka,Mazur,,+48 635935572,Kraków,Slovakia,2024-06-01
422,Maria,Kozłowski,user422@onet.pl,,Lublin,France,03/05/2024
437,Maria,Kozłowski,user437@wp.pl,+48 601586450,Kielce,SLOVAKIA,2025-07-12
374,Tomasz,Lewandowski,user374@o2.pl,+48 694152972,Lublin,Austria,24/08/2025
55,Piotr,Jankowski,user55@gmail.com,+48 633189803,Wrocław,SLOVAKIA,2024-05-18
443,Magdalena,Nowak,user443@o2.pl,+48 677295245,Kielce,Germany,2025-05-06
216,Monika,Kowalczyk,user216@interia.pl,+48 696960708,Katowice,France,2025-02-04
384,Joanna,Nowak,user384@wp.pl,+48 624678492,  Lublin  ,SLOVAKIA,14/02/2025
323,Magdalena,Wójcik,user323@onet.pl,+48 634612921,Gdańsk,POLAND,15/09/2024
136,Monika,Kowalczyk,user136@o2.pl,+48 644743095,Kraków,Germany,2024-06-01
204,Michał,Lewandowski,user204@o2.pl,+48 646676884,Kraków,slovakia,2025-08-18
209,Monika,Kwiatkowski,user209@o2.pl,+48 640332555,  Poznań  ,Slovakia,01/07/2024
387,Michał,Kwiatkowski,user387@gmail.com,+48 672509424,Rzeszów,Slovakia,2024-10-30
448,Natalia,Kowalski,,+48 611173787,Kraków,GERMANY,28/02/2025
359,Krzysztof,Mazur,user359@interia.pl,+48 687086700,Łódź,Austria,22/10/2025
265,Barbara,Jankowski,user265@gmail.com,,Kielce,CZECH REPUBLIC,24/10/2025
366,Magdalena,Kowalski,user366@gmail.com,+48 681094790,Białystok,slovakia,22/12/2024
416,Tomasz,Kwiatkowski,user416@gmail.com,+48 691074695,Kielce,czech republic,2024-10-08
228,Piotr,Kowalczyk,user228@onet.pl,+48 652231715,Kielce,france,28/04/2024
294,Tomasz,Nowak,user294@wp.pl,+48 606570040,Kielce,GERMANY,2024-12-26
330,Katarzyna,Nowak,user330@o2.pl,+48 670368504,  Białystok  ,Germany,2026-02-03
63,Paweł,Wójcik,user63@interia.pl,+48 632255732,Rzeszów,austria,29/12/2025
246,Joanna,Kowalczyk,user246@onet.pl,+48 646748074,Katowice,Austria,2025-05-31
301,Michał,Kowalczyk,user301@wp.pl,+48 603933043,  Poznań  ,czech republic,08/08/2025
331,Agnieszka,Kowalski,user331@wp.pl,+48 636772637,Gdańsk,slovakia,06/05/2024
201,Łukasz,Jankowski,,+48 655757342,Katowice,slovakia,12/03/2026
134,Piotr,Dąbrowski,user134@gmail.com,+48 658754920,Katowice,SLOVAKIA,2025-06-18
477,Magdalena,Jankowski,user477@wp.pl,+48 675584002,Lublin,Slovakia,2024-12-26
17,Paweł,Zając,user17@onet.pl,,Warszawa,germany,2024-04-09
138,Paweł,Nowak,user138@interia.pl,+48 602446861,Gdańsk,germany,19/09/2025
469,Barbara,Jankowski,user469@o2.pl,+48 655003032,Kielce,poland,2025-11-22
282,Łukasz,Dąbrowski,user282@interia.pl,+48 622398441,Gdańsk,Poland,06/12/2025
12,Krzysztof,Jankowski,user12@gmail.com,+48 621227574,  Katowice  ,Austria,2024-11-07
11,Aleksandra,Nowak,user11@o2.pl,+48 671016525,Poznań,Poland,2024-10-01
104,Tomasz,Kwiatkowski,user104@gmail.com,+48 682631441,Szczecin,FRANCE,2025-01-04
110,Barbara,Zając,user110@o2.pl,+48 660667140,Lublin,SLOVAKIA,29/05/2024
64,Monika,Wójcik,user64@onet.pl,+48 678055069,Gdańsk,slovakia,17/09/2024
118,Joanna,Nowak,user118@o2.pl,+48 657594492,Lublin,slovakia,08/03/2026
84,Krzysztof,Jankowski,user84@interia.pl,+48 668147397,Poznań,France,18/08/2024
466,Barbara,Wójcik,user466@o2.pl,+48 698301387,Katowice,Slovakia,23/01/2026
113,Paweł,Kowalczyk,user113@o2.pl,+48 694191239,Kraków,Austria,26/08/2025
472,Barbara,Kwiatkowski,user472@gmail.com,+48 685753950,Warszawa,Austria,2025-03-22
17,Paweł,Zając,user17@onet.pl,,Warszawa,germany,2024-04-09
298,Katarzyna,Kamiński,user298@onet.pl,+48 659862640,  Łódź  ,slovakia,09/11/2024
339,Monika,Kowalczyk,user339@interia.pl,+48 604740436,Białystok,Slovakia,2024-04-03
342,Monika,Lewandowski,user342@wp.pl,+48 678593968,Poznań,poland,14/08/2024
211,Michał,Wiśniewski,user211@interia.pl,+48 630245233,Poznań,Germany,05/09/2024
449,Monika,Wójcik,user449@wp.pl,+48 616966692,Łódź,GERMANY,05/05/2025
4,Joanna,Szymański,user4@gmail.com,+48 671971316,Kraków,CZECH REPUBLIC,2024-06-29
333,Piotr,Kowalczyk,,,Białystok,Germany,10/05/2024
9,Barbara,Lewandowski,user9@interia.pl,+48 618740864,Wrocław,SLOVAKIA,14/08/2024
350,Jan,Wójcik,user350@onet.pl,+48 602941149,Białystok,poland,24/02/2026
50,Michał,Kwiatkowski,user50@gmail.com,+48 677267850,Szczecin,FRANCE,2025-01-29
42,Jan,Kowalczyk,user42@interia.pl,+48 681424737,Kielce,czech republic,2024-12-05
240,Marek,Zając,user240@gmail.com,+48 654914054,Kielce,AUSTRIA,2025-10-28
122,Piotr,Kowalczyk,user122@interia.pl,+48 659330166,Szczecin,SLOVAKIA,2025-06-17
126,Jakub,Lewandowski,user126@interia.pl,+48 654362516,Warszawa,Germany,27/04/2024
100,Natalia,Kamiński,user100@interia.pl,,Lublin,France,13/08/2024
271,Katarzyna,Zając,user271@onet.pl,+48 620317091,Szczecin,Czech Republic,2025-12-22
379,Natalia,Mazur,user379@o2.pl,+48 668574830,Rzeszów,AUSTRIA,2025-02-01
11,Aleksandra,Nowak,user11@o2.pl,+48 671016525,Poznań,Poland,2024-10-01
454,Katarzyna,Kozłowski,user454@interia.pl,+48 629607414,  Poznań  ,AUSTRIA,15/07/2024
254,Barbara,Kowalczyk,user254@wp.pl,+48 683135800,Warszawa,poland,2025-03-06
129,Tomasz,Wójcik,user129@wp.pl,+48 680852623,Łódź,AUSTRIA,29/06/2024
234,Michał,Kowalski,user234@interia.pl,+48 697286893,Lublin,germany,2025-03-10
123,Jakub,Zając,user123@wp.pl,,Szczecin,POLAND,2025-08-30
238,Rafał,Wiśniewski,user238@wp.pl,+48 693275652,Kielce,Slovakia,2025-06-20
289,Anna,Wiśniewski,user289@gmail.com,,Wrocław,slovakia,20/12/2024
92,Agnieszka,Zając,user92@onet.pl,+48 685618110,Poznań,AUSTRIA,13/06/2025
236,Krzysztof,Wójcik,user236@interia.pl,+48 626246038,Katowice,FRANCE,2024-07-07
473,Anna,Mazur,user473@o2.pl,,Kraków,Poland,25/12/2025
373,Paweł,Kwiatkowski,user373@o2.pl,+48 633318046,Poznań,France,2025-11-18
206,Joanna,Wiśniewski,user206@gmail.com,,Kielce,POLAND,2024-08-03
153,Anna,Kamiński,user153@o2.pl,+48 672884346,Katowice,AUSTRIA,2026-02-14
60,Tomasz,Lewandowski,user60@o2.pl,+48 636249845,Białystok,Slovakia,2024-08-05
197,Katarzyna,Lewandowski,user197@wp.pl,+48 685726382,Poznań,GERMANY,2025-10-29
317,Aleksandra,Zając,user317@gmail.com,+48 685656500,Poznań,Czech Republic,2025-02-20
156,Monika,Kamiński,user156@wp.pl,+48 641137177,Katowice,CZECH REPUBLIC,2025-01-01
69,Piotr,Lewandowski,user69@o2.pl,+48 607195288,Łódź,Slovakia,2025-07-23
158,Paweł,Jankowski,user158@onet.pl,+48 619163535,Białystok,CZECH REPUBLIC,2024-06-12
286,Rafał,Nowak,user286@gmail.com,+48 639137230,Białystok,austria,2024-08-06
260,Natalia,Wiśniewski,user260@wp.pl,+48 635882178,Lublin,Austria,2025-02-06
7,Katarzyna,Dąbrowski,user7@onet.pl,+48 636231783,Kielce,Germany,05/02/2026
220,Anna,Mazur,user220@gmail.com,+48 655350347,Łódź,GERMANY,2025-08-23
457,Krzysztof,Wiśniewski,user457@gmail.com,+48 620224423,Warszawa,france,09/11/2024
314,Piotr,Dąbrowski,user314@gmail.com,+48 682362000,Katowice,Czech Republic,2025-01-14
479,Monika,Wójcik,user479@wp.pl,,Rzeszów,slovakia,26/08/2024
200,Marek,Szymański,user200@onet.pl,+48 669839059,Katowice,Germany,2024-10-28
39,Krzysztof,Kowalski,user39@gmail.com,+48 672269803,Kielce,Austria,2025-01-17
264,Natalia,Lewandowski,user264@interia.pl,+48 666399516,Poznań,france,01/09/2024
190,Jan,Dąbrowski,user190@onet.pl,+48 663847325,Katowice,FRANCE,02/01/2026
442,Barbara,Mazur,user442@interia.pl,+48 634865621,Gdańsk,Slovakia,2026-03-14
191,Jakub,Wójcik,user191@gmail.com,+48 623496796,Szczecin,Germany,2025-02-21
6,Michał,Kowalczyk,user6@wp.pl,+48 647683626,Wrocław,Austria,19/07/2024
267,Piotr,Woźniak,user267@gmail.com,+48 687095388,  Łódź  ,AUSTRIA,07/08/2025
431,Piotr,Lewandowski,user431@onet.pl,+48 630860700,Gdańsk,france,2025-07-08
106,Maria,Mazur,user106@gmail.com,+48 686128115,Kielce,POLAND,2025-11-26
275,Jan,Kamiński,user275@onet.pl,+48 676286724,Szczecin,AUSTRIA,2026-01-19
262,Michał,Zając,user262@wp.pl,+48 650354777,  Katowice  ,poland,22/04/2024
14,Jan,Szymański,user14@gmail.com,,Gdańsk,FRANCE,2024-08-31
187,Natalia,Lewandowski,user187@interia.pl,+48 619659692,  Poznań  ,AUSTRIA,01/06/2024
230,Michał,Jankowski,user230@wp.pl,+48 660471823,Katowice,Slovakia,2024-05-07
215,Agnieszka,Kozłowski,user215@onet.pl,+48 632122457,Lublin,france,01/04/2025
402,Paweł,Woźniak,,+48 654376227,Białystok,poland,28/09/2024
20,Magdalena,Lewandowski,user20@gmail.com,+48 686728778,  Kraków  ,austria,23/07/2025
347,Rafał,Jankowski,user347@onet.pl,,Warszawa,GERMANY,19/05/2025
308,Aleksandra,Jankowski,user308@o2.pl,+48 650785855,Poznań,FRANCE,15/04/2024
455,Krzysztof,Kowalczyk,user455@o2.pl,+48 655419020,Wrocław,GERMANY,2024-12-23
143,Krzysztof,Kowalski,user143@wp.pl,+48 613769360,Rzeszów,POLAND,28/06/2025
18,Anna,Wójcik,,,  Gdańsk  ,GERMANY,2024-09-28
82,Natalia,Lewandowski,user82@gmail.com,+48 615766039,Kielce,Czech Republic,2024-04-11
16,Aleksandra,Lewandowski,user16@o2.pl,+48 692592466,Wrocław,Czech Republic,10/01/2025
145,Paweł,Kamiński,user145@gmail.com,+48 603783268,Gdańsk,austria,14/11/2025
328,Monika,Kowalczyk,user328@gmail.com,+48 630595926,Łódź,austria,02/07/2025
38,Anna,Nowak,user38@wp.pl,+48 642101056,Szczecin,SLOVAKIA,21/09/2025
304,Joanna,Szymański,user304@o2.pl,+48 666065552,Lublin,CZECH REPUBLIC,2024-07-26
111,Paweł,Kowalczyk,user111@gmail.com,,Katowice,Czech Republic,2025-01-04
311,Łukasz,Kowalski,user311@onet.pl,+48 647040785,Poznań,AUSTRIA,2025-01-29
255,Natalia,Dąbrowski,user255@interia.pl,+48 655784972,Rzeszów,CZECH REPUBLIC,21/08/2025
408,Paweł,Kowalczyk,user408@onet.pl,+48 647365168,Gdańsk,Czech Republic,2025-11-12
340,Agnieszka,Woźniak,user340@interia.pl,+48 690176660,Gdańsk,Germany,30/09/2025
279,Anna,Wójcik,user279@interia.pl,,Białystok,France,06/10/2025
369,Anna,Kwiatkowski,user369@onet.pl,+48 699658124,Rzeszów,france,2025-02-25
352,Magdalena,Zając,user352@o2.pl,+48 694203157,Łódź,austria,2024-05-26
398,Agnieszka,Nowak,user398@gmail.com,+48 642652506,Katowice,slovakia,29/10/2025
412,Paweł,Lewandowski,user412@o2.pl,+48 696576003,Rzeszów,France,2024-07-21
52,Michał,Kozłowski,user52@interia.pl,+48 683517915,  Lublin  ,czech republic,08/01/2026
10,Michał,Kamiński,user10@onet.pl,+48 612201654,Warszawa,germany,26/01/2025
343,Jakub,Szymański,,+48 667172936,Kraków,czech republic,2025-10-31
284,Natalia,Jankowski,user284@interia.pl,+48 633321320,Szczecin,FRANCE,2025-03-18
421,Natalia,Zając,user421@o2.pl,+48 634061458,Poznań,austria,2024-05-28
36,Joanna,Kowalczyk,user36@onet.pl,+48 688588154,Wrocław,France,22/06/2025
438,Katarzyna,Dąbrowski,user438@wp.pl,+48 682286747,Gdańsk,czech republic,2025-03-18
53,Magdalena,Wiśniewski,user53@onet.pl,,Szczecin,CZECH REPUBLIC,11/03/2025
34,Maria,Kamiński,user34@interia.pl,+48 620743797,Wrocław,Germany,2025-04-28
452,Tomasz,Kowalczyk,,+48 618293937,Gdańsk,SLOVAKIA,01/12/2024
115,Joanna,Wiśniewski,user115@interia.pl,,Kraków,Poland,2025-11-21
85,Barbara,Mazur,user85@o2.pl,+48 644619335,Lublin,czech republic,2025-09-22
441,Paweł,Dąbrowski,user441@interia.pl,+48 675448945,  Białystok  ,Poland,2025-07-17
233,Piotr,Wiśniewski,user233@o2.pl,+48 654766762,  Kraków  ,france,06/05/2025
160,Tomasz,Dąbrowski,user160@wp.pl,+48 633502308,  Kraków  ,germany,2024-09-05
219,Łukasz,Wiśniewski,user219@wp.pl,+48 696678845,Lublin,Slovakia,14/10/2024
434,Maria,Kwiatkowski,,+48 666124358,  Białystok  ,Slovakia,19/03/2025
124,Tomasz,Jankowski,user124@wp.pl,,Katowice,GERMANY,11/08/2025
5,Aleksandra,Kwiatkowski,user5@o2.pl,+48 609335534,Warszawa,France,21/12/2025
456,Aleksandra,Zając,user456@o2.pl,+48 643036072,Warszawa,SLOVAKIA,19/06/2025
447,Tomasz,Kozłowski,user447@wp.pl,+48 694045949,Rzeszów,germany,2024-12-05
45,Barbara,Lewandowski,user45@gmail.com,+48 614305904,Szczecin,austria,2025-07-22
71,Magdalena,Kowalczyk,user71@gmail.com,+48 699333105,Kraków,germany,2026-01-10
283,Agnieszka,Kozłowski,user283@gmail.com,+48 601649277,  Wrocław  ,france,2026-02-26
175,Monika,Zając,user175@interia.pl,+48 601097552,Kraków,France,25/03/2025
78,Piotr,Zając,user78@wp.pl,+48 614039158,Łódź,austria,17/02/2025
116,Natalia,Kowalski,user116@o2.pl,+48 689927658,Kraków,Austria,2026-02-10
144,Łukasz,Kwiatkowski,user144@interia.pl,,Wrocław,France,2025-02-22
16,Aleksandra,Lewandowski,user16@o2.pl,+48 692592466,Wrocław,Czech Republic,10/01/2025
310,Tomasz,Kamiński,user310@onet.pl,+48 642885071,Łódź,Poland,25/04/2025
132,Anna,Kowalski,user132@wp.pl,,Kraków,slovakia,20/02/2026
32,Krzysztof,Wiśniewski,user32@o2.pl,+48 675283645,Warszawa,Austria,21/03/2025
142,Jakub,Zając,user142@wp.pl,+48 667498993,Lublin,Germany,13/11/2025
392,Jan,Woźniak,user392@gmail.com,+48 678598977,Warszawa,poland,11/06/2025
121,Katarzyna,Kamiński,user121@wp.pl,+48 676181117,Białystok,POLAND,12/02/2026
155,Barbara,Kamiński,user155@o2.pl,+48 611087928,Rzeszów,czech republic,22/09/2024
182,Barbara,Wiśniewski,user182@o2.pl,+48 651028283,Łódź,GERMANY,12/12/2025
181,Jakub,Kowalczyk,user181@gmail.com,+48 635638891,Kielce,slovakia,14/08/2024
178,Marek,Szymański,user178@o2.pl,,Warszawa,France,02/11/2025
306,Anna,Kowalski,user306@onet.pl,+48 670638102,Gdańsk,France,11/08/2024
81,Łukasz,Kwiatkowski,user81@gmail.com,,Kielce,Germany,2026-03-20
463,Barbara,Kozłowski,user463@wp.pl,+48 633382936,Łódź,austria,02/07/2024
251,Rafał,Szymański,user251@interia.pl,+48 646697654,Gdańsk,SLOVAKIA,03/06/2025
171,Michał,Kowalczyk,user171@gmail.com,+48 655783806,Katowice,france,2025-05-12
341,Monika,Nowak,user341@wp.pl,+48 675031958,Łódź,france,2025-08-18
272,Tomasz,Jankowski,user272@interia.pl,+48 657631581,Gdańsk,GERMANY,2024-09-14
428,Joanna,Mazur,user428@o2.pl,+48 661036720,Szczecin,FRANCE,08/09/2024
21,Marek,Wójcik,user21@onet.pl,+48 637385696,Katowice,poland,17/09/2024
338,Monika,Wójcik,user338@onet.pl,+48 680535106,Szczecin,AUSTRIA,2024-11-10
390,Piotr,Kozłowski,user390@gmail.com,+48 644522084,Warszawa,POLAND,2026-01-21
235,Katarzyna,Wiśniewski,user235@wp.pl,+48 608491573,Łódź,CZECH REPUBLIC,30/03/2025
405,Jakub,Woźniak,user405@onet.pl,+48 664894729,  Gdańsk  ,CZECH REPUBLIC,2025-08-07
396,Katarzyna,Wiśniewski,user396@wp.pl,+48 624341456,Kielce,Poland,18/09/2024
96,Agnieszka,Szymański,user96@onet.pl,+48 683334601,Poznań,Austria,14/11/2025
378,Monika,Woźniak,user378@gmail.com,+48 639613096,Wrocław,poland,2024-07-12
273,Aleksandra,Szymański,user273@wp.pl,+48 692674130,Warszawa,Austria,2024-07-21
249,Michał,Kowalski,user249@onet.pl,+48 657653606,  Szczecin  ,GERMANY,29/01/2026
162,Łukasz,Wiśniewski,user162@interia.pl,+48 691526995,Gdańsk,AUSTRIA,31/05/2025
51,Natalia,Kozłowski,user51@o2.pl,+48 665529051,Wrocław,CZECH REPUBLIC,2024-05-08
261,Anna,Kowalczyk,user261@onet.pl,+48 617809465,Wrocław,France,11/05/2024
195,Magdalena,Dąbrowski,user195@interia.pl,+48 624800912,Łódź,GERMANY,2025-01-01
119,Aleksandra,Kwiatkowski,user119@wp.pl,,Poznań,France,2025-09-30
198,Łukasz,Kozłowski,user198@wp.pl,+48 673717007,Katowice,Austria,07/05/2024
150,Paweł,Dąbrowski,,+48 605843091,Kielce,FRANCE,2026-01-24
450,Barbara,Zając,user450@o2.pl,+48 673624500,Katowice,austria,22/12/2024
56,Maria,Szymański,user56@interia.pl,+48 649512272,Łódź,Austria,18/10/2025
185,Joanna,Woźniak,user185@wp.pl,+48 625805259,Wrocław,FRANCE,03/06/2025
315,Katarzyna,Kowalski,user315@onet.pl,+48 654932613,Rzeszów,austria,03/06/2025
199,Aleksandra,Mazur,user199@o2.pl,+48 694457890,  Gdańsk  ,SLOVAKIA,02/11/2024
35,Magdalena,Jankowski,user35@onet.pl,+48 694123965,Kraków,Poland,2024-12-18
5,Aleksandra,Kwiatkowski,user5@o2.pl,+48 609335534,Warszawa,France,21/12/2025
239,Michał,Kamiński,user239@o2.pl,+48 673233096,Łódź,SLOVAKIA,08/04/2024
349,Rafał,Lewandowski,user349@onet.pl,+48 665790669,Gdańsk,Germany,14/02/2025
139,Agnieszka,Wiśniewski,user139@wp.pl,+48 613574883,Lublin,Austria,2025-04-24
355,Natalia,Zając,user355@interia.pl,+48 600367488,Warszawa,Poland,02/11/2025
146,Anna,Kowalczyk,user146@interia.pl,+48 618628439,Rzeszów,SLOVAKIA,2025-07-15
31,Paweł,Zając,user31@gmail.com,,Szczecin,POLAND,20/06/2024
88,Tomasz,Lewandowski,user88@onet.pl,,Poznań,austria,2025-05-02
131,Tomasz,Zając,,+48 640643870,Poznań,france,2024-12-27
357,Anna,Mazur,user357@wp.pl,+48 615555976,Kraków,POLAND,2024-06-10
270,Maria,Kamiński,user270@wp.pl,+48 617870584,Kielce,GERMANY,18/07/2024
299,Magdalena,Kwiatkowski,user299@gmail.com,,Szczecin,germany,22/07/2025
193,Natalia,Dąbrowski,user193@onet.pl,+48 662816684,Poznań,poland,09/06/2024
10,Michał,Kamiński,user10@onet.pl,+48 612201654,Warszawa,germany,26/01/2025
73,Monika,Kozłowski,user73@gmail.com,+48 635507920,Kielce,germany,09/06/2024
319,Anna,Kowalczyk,user319@wp.pl,+48 636045780,  Białystok  ,Austria,2025-04-16
9,Barbara,Lewandowski,user9@interia.pl,+48 618740864,Wrocław,SLOVAKIA,14/08/2024
410,Agnieszka,Lewandowski,user410@gmail.com,+48 664265413,Katowice,germany,2025-07-28
133,Łukasz,Kwiatkowski,user133@onet.pl,+48 663837847,Lublin,poland,17/04/2025
268,Magdalena,Woźniak,user268@gmail.com,,  Katowice  ,SLOVAKIA,25/03/2026
280,Maria,Kowalski,user280@gmail.com,+48 646533974,Lublin,AUSTRIA,2025-07-02
105,Łukasz,Wójcik,user105@gmail.com,+48 649302863,Lublin,austria,2025-09-21
109,Joanna,Jankowski,user109@o2.pl,+48 623386929,  Poznań  ,austria,2026-01-28
276,Jan,Szymański,,+48 605345470,Warszawa,czech republic,06/11/2024
108,Jan,Kowalczyk,user108@onet.pl,+48 672506491,Poznań,Poland,2026-03-19
170,Aleksandra,Woźniak,,+48 673226170,Poznań,france,02/05/2024
12,Krzysztof,Jankowski,user12@gmail.com,+48 621227574,  Katowice  ,Austria,2024-11-07
242,Natalia,Kowalski,user242@wp.pl,+48 672062301,Białystok,POLAND,2024-05-23
231,Jakub,Woźniak,user231@o2.pl,+48 633077929,  Rzeszów  ,FRANCE,23/06/2024
365,Piotr,Zając,user365@o2.pl,+48 666901651,Katowice,Czech Republic,2025-02-14
57,Monika,Nowak,user57@wp.pl,+48 650372847,Szczecin,GERMANY,30/06/2024
176,Anna,Lewandowski,,+48 648657117,Lublin,czech republic,21/06/2025
8,Agnieszka,Mazur,,+48 635935572,Kraków,Slovakia,2024-06-01
148,Łukasz,Nowak,user148@interia.pl,+48 602205915,Kielce,Germany,2026-04-02
418,Maria,Lewandowski,user418@interia.pl,+48 611249805,Poznań,slovakia,2024-04-07
318,Barbara,Zając,user318@wp.pl,,Lublin,France,2025-01-02
385,Piotr,Kamiński,user385@onet.pl,+48 644434998,Gdańsk,slovakia,08/06/2024
458,Joanna,Zając,user458@gmail.com,+48 619607576,Warszawa,CZECH REPUBLIC,2025-09-19
388,Łukasz,Zając,,+48 625838575,Gdańsk,POLAND,30/09/2024
407,Krzysztof,Mazur,user407@o2.pl,+48 623333727,Szczecin,france,14/01/2026
80,Anna,Wójcik,user80@o2.pl,+48 683940940,Katowice,GERMANY,2025-06-13
192,Barbara,Wiśniewski,user192@wp.pl,+48 601243818,Poznań,Poland,2024-12-24
380,Rafał,Dąbrowski,,+48 627257905,Białystok,Czech Republic,12/04/2024
103,Barbara,Nowak,user103@o2.pl,+48 660887034,Gdańsk,Austria,10/08/2024
120,Tomasz,Szymański,user120@gmail.com,+48 684982908,Warszawa,SLOVAKIA,2025-04-19
23,Katarzyna,Lewandowski,,+48 661070189,Poznań,Austria,21/11/2024
226,Paweł,Kwiatkowski,,+48 692917283,Białystok,Poland,20/06/2025
75,Łukasz,Nowak,user75@wp.pl,+48 636540265,Lublin,CZECH REPUBLIC,2025-01-16
320,Natalia,Lewandowski,user320@o2.pl,+48 608185099,Szczecin,Czech Republic,03/12/2024
227,Natalia,Szymański,user227@onet.pl,+48 642209421,Warszawa,SLOVAKIA,20/02/2025
389,Natalia,Kowalski,user389@onet.pl,+48 628611881,Kielce,POLAND,13/01/2025
180,Paweł,Mazur,user180@interia.pl,+48 640237208,Katowice,france,2025-02-01
87,Tomasz,Zając,user87@onet.pl,+48 679212676,Gdańsk,CZECH REPUBLIC,19/03/2026
460,Łukasz,Kozłowski,user460@o2.pl,+48 627977300,Katowice,France,2026-02-19
13,Katarzyna,Dąbrowski,user13@wp.pl,+48 668137358,Białystok,France,07/10/2024
336,Łukasz,Kowalczyk,user336@o2.pl,+48 613732098,Warszawa,Austria,06/09/2024
427,Michał,Szymański,user427@gmail.com,+48 609209640,Kraków,Austria,12/04/2025
177,Aleksandra,Woźniak,user177@onet.pl,+48 652868861,Gdańsk,france,2025-11-07
165,Paweł,Lewandowski,user165@o2.pl,,Gdańsk,czech republic,23/11/2025
98,Magdalena,Wiśniewski,user98@o2.pl,+48 649104566,Lublin,France,2024-11-26
480,Tomasz,Nowak,,+48 618576833,Poznań,SLOVAKIA,2025-05-31
188,Krzysztof,Kozłowski,user188@onet.pl,+48 636390817,Lublin,GERMANY,01/08/2025
217,Anna,Szymański,user217@onet.pl,,Lublin,Slovakia,2025-09-15
212,Magdalena,Lewandowski,user212@onet.pl,+48 634224936,Wrocław,Poland,30/12/2025
344,Tomasz,Wójcik,user344@o2.pl,+48 661414198,Łódź,AUSTRIA,2025-04-28
58,Agnieszka,Nowak,user58@wp.pl,+48 680585882,Kraków,Slovakia,2025-01-20
46,Maria,Zając,user46@interia.pl,+48 675017682,Białystok,czech republic,03/11/2024
426,Katarzyna,Woźniak,,+48 600038556,Łódź,France,2025-02-23
351,Michał,Kwiatkowski,user351@o2.pl,+48 679715138,Warszawa,Austria,2025-12-06
166,Natalia,Woźniak,user166@onet.pl,+48 607437386,Kraków,FRANCE,2024-04-07
221,Paweł,Zając,user221@o2.pl,+48 682747827,Katowice,POLAND,22/03/2026
137,Michał,Wiśniewski,user137@gmail.com,+48 650557040,Kielce,Germany,02/05/2024
37,Joanna,Woźniak,user37@o2.pl,+48 603704481,Kraków,FRANCE,06/07/2025
125,Paweł,Dąbrowski,user125@wp.pl,,  Rzeszów  ,poland,2025-05-18
127,Joanna,Nowak,user127@gmail.com,+48 679036966,Szczecin,Czech Republic,20/08/2025
444,Paweł,Zając,user444@interia.pl,+48 651146483,Białystok,Austria,17/06/2024
377,Monika,Kwiatkowski,user377@gmail.com,+48 603391969,Szczecin,AUSTRIA,2025-10-21
316,Agnieszka,Nowak,,+48 665893962,  Łódź  ,poland,2024-05-26
288,Jan,Kamiński,,+48 699063777,Rzeszów,germany,2024-11-16
101,Michał,Mazur,user101@wp.pl,,Wrocław,Slovakia,18/07/2024
413,Barbara,Mazur,user413@onet.pl,+48 680643207,Łódź,germany,14/10/2025
334,Marek,Kowalczyk,user334@o2.pl,,  Kielce  ,germany,26/03/2026
203,Barbara,Kowalski,user203@onet.pl,+48 686104027,Rzeszów,czech republic,30/12/2024
7,Katarzyna,Dąbrowski,user7@onet.pl,+48 636231783,Kielce,Germany,05/02/2026
102,Agnieszka,Woźniak,,+48 694096984,Poznań,POLAND,27/05/2025
287,Barbara,Jankowski,user287@o2.pl,+48 632900372,  Łódź  ,CZECH REPUBLIC,21/06/2024
247,Anna,Jankowski,user247@gmail.com,+48 686969050,Kraków,Germany,22/10/2024
70,Maria,Dąbrowski,user70@o2.pl,+48 683002706,Wrocław,czech republic,2024-08-09
391,Jakub,Mazur,user391@wp.pl,+48 660549061,Kielce,FRANCE,03/10/2024
67,Katarzyna,Kowalczyk,,+48 636817443,Warszawa,SLOVAKIA,19/06/2024
436,Tomasz,Kowalski,user436@interia.pl,+48 672580645,Warszawa,Czech Republic,21/12/2024
397,Łukasz,Woźniak,user397@wp.pl,+48 633646722,Kraków,slovakia,2025-11-23
462,Magdalena,Kamiński,,+48 678476684,Kraków,GERMANY,2024-04-26
257,Krzysztof,Jankowski,user257@wp.pl,+48 605584869,Rzeszów,Germany,2024-06-03
409,Łukasz,Wiśniewski,user409@o2.pl,+48 628389345,Łódź,france,27/05/2024
44,Tomasz,Kowalski,,+48 682043803,Kraków,austria,06/03/2025
135,Michał,Lewandowski,user135@o2.pl,,Kielce,POLAND,04/03/2025
18,Anna,Wójcik,,,  Gdańsk  ,GERMANY,2024-09-28
281,Maria,Jankowski,user281@wp.pl,+48 636504617,  Lublin  ,Austria,11/11/2024
433,Marek,Zając,user433@onet.pl,+48 635622106,Wrocław,Germany,2025-12-15
382,Paweł,Nowak,user382@interia.pl,+48 635465638,Łódź,FRANCE,2025-10-27
19,Tomasz,Kozłowski,user19@o2.pl,+48 632614537,Katowice,GERMANY,06/04/2025
244,Maria,Kowalczyk,user244@o2.pl,+48 692296754,Białystok,france,09/08/2024
43,Katarzyna,Woźniak,user43@o2.pl,+48 683115778,Gdańsk,Germany,2025-09-12
173,Anna,Kowalczyk,user173@o2.pl,+48 621434525,Gdańsk,AUSTRIA,09/11/2024
68,Barbara,Nowak,user68@o2.pl,+48 664251933,Katowice,POLAND,08/12/2025
76,Rafał,Szymański,user76@gmail.com,+48 690502794,Białystok,Poland,02/07/2025
430,Jakub,Zając,user430@wp.pl,+48 661585593,Kielce,Slovakia,2025-07-13
403,Barbara,Woźniak,user403@wp.pl,+48 679134873,Rzeszów,germany,21/02/2025
149,Aleksandra,Kamiński,user149@interia.pl,+48 689686286,Kraków,FRANCE,31/10/2024
222,Jan,Dąbrowski,user222@o2.pl,+48 602300840,Lublin,austria,02/10/2025
453,Monika,Kowalski,user453@wp.pl,+48 600968781,Lublin,Czech Republic,2025-07-22
47,Magdalena,Mazur,user47@interia.pl,+48 699811743,Katowice,Germany,2024-10-17
259,Joanna,Mazur,user259@interia.pl,+48 618687800,Wrocław,poland,31/07/2024
295,Natalia,Kozłowski,user295@gmail.com,+48 618762704,  Kraków  ,GERMANY,18/03/2025
478,Łukasz,Lewandowski,,,Poznań,SLOVAKIA,28/03/2026
386,Jan,Nowak,user386@interia.pl,+48 686203262,Białystok,Germany,10/05/2025
229,Piotr,Dąbrowski,user229@wp.pl,,Szczecin,poland,02/08/2024
202,Michał,Kowalczyk,user202@onet.pl,+48 606078694,Szczecin,poland,2026-01-23
474,Maria,Kozłowski,user474@interia.pl,+48 670624297,Kielce,Austria,09/09/2024
345,Katarzyna,Kamiński,user345@gmail.com,+48 628102825,Łódź,germany,03/01/2026
26,Agnieszka,Szymański,user26@o2.pl,,Kielce,SLOVAKIA,2024-05-18
79,Natalia,Kowalski,user79@wp.pl,+48 615558733,Szczecin,poland,04/02/2025
114,Magdalena,Zając,user114@interia.pl,+48 660867592,Szczecin,POLAND,2025-07-16
358,Katarzyna,Kamiński,user358@interia.pl,+48 636011877,Rzeszów,FRANCE,2024-12-22
258,Agnieszka,Kowalczyk,user258@gmail.com,+48 646785209,Kraków,Poland,2024-08-09
168,Natalia,Nowak,user168@onet.pl,+48 677933054,Łódź,Slovakia,03/09/2024
77,Jakub,Kowalski,user77@onet.pl,+48 687444123,Katowice,Germany,2024-11-16
290,Piotr,Szymański,user290@onet.pl,+48 652928934,Kraków,poland,04/08/2025
277,Magdalena,Lewandowski,user277@gmail.com,+48 672162880,Białystok,POLAND,07/09/2025
164,Jan,Kamiński,user164@wp.pl,+48 674040798,Łódź,POLAND,2024-11-29
22,Maria,Kowalski,user22@o2.pl,+48 612517517,Wrocław,czech republic,02/02/2026
269,Jan,Kozłowski,user269@gmail.com,+48 656682016,Rzeszów,POLAND,2025-12-20
157,Anna,Kozłowski,user157@wp.pl,+48 658376726,Poznań,POLAND,27/03/2025
28,Maria,Nowak,user28@o2.pl,+48 646843172,Kraków,FRANCE,2024-09-24
471,Paweł,Szymański,user471@wp.pl,,Wrocław,POLAND,01/06/2024
324,Rafał,Mazur,user324@interia.pl,+48 601659440,Rzeszów,Slovakia,2025-11-01
399,Jakub,Szymański,user399@wp.pl,+48 622634412,Warszawa,Germany,24/06/2025
325,Tomasz,Szymański,user325@gmail.com,+48 675522135,Kraków,Slovakia,07/07/2025
6,Michał,Kowalczyk,user6@wp.pl,+48 647683626,Wrocław,Austria,19/07/2024
309,Jakub,Lewandowski,user309@o2.pl,,Białystok,SLOVAKIA,11/11/2024
435,Aleksandra,Kamiński,user435@o2.pl,+48 665874779,Łódź,SLOVAKIA,2024-08-21
335,Agnieszka,Kowalczyk,user335@wp.pl,+48 695209787,Kielce,Czech Republic,2025-08-23
383,Anna,Wiśniewski,user383@o2.pl,,Kielce,AUSTRIA,17/09/2024
117,Monika,Szymański,user117@gmail.com,+48 628553319,Łódź,Germany,2024-09-11
467,Paweł,Wiśniewski,user467@wp.pl,+48 660945449,Warszawa,slovakia,2026-03-15
446,Krzysztof,Szymański,user446@wp.pl,+48 648743159,Rzeszów,czech republic,2026-03-11
62,Barbara,Mazur,user62@interia.pl,+48 634675473,Gdańsk,Slovakia,2026-03-24
445,Rafał,Lewandowski,user445@o2.pl,+48 609575640,Kraków,GERMANY,06/04/2024
214,Natalia,Wójcik,user214@wp.pl,+48 602058055,Wrocław,AUSTRIA,29/11/2024
223,Maria,Kwiatkowski,user223@onet.pl,+48 683185576,Lublin,FRANCE,2025-03-17
419,Jan,Szymański,user419@o2.pl,,Kielce,france,2025-01-22
451,Jakub,Lewandowski,user451@o2.pl,+48 646596140,Katowice,poland,2025-07-11
179,Aleksandra,Kwiatkowski,user179@wp.pl,+48 642752377,Łódź,Slovakia,2025-04-24
172,Joanna,Lewandowski,user172@wp.pl,+48 614251766,Gdańsk,POLAND,2025-12-25
395,Michał,Dąbrowski,user395@gmail.com,+48 699513114,Rzeszów,Czech Republic,09/11/2025
29,Monika,Szymański,user29@o2.pl,,Lublin,AUSTRIA,07/07/2025
400,Joanna,Wiśniewski,user400@wp.pl,+48 662122457,Katowice,france,2024-06-11
41,Monika,Dąbrowski,user41@interia.pl,+48 650888017,Kielce,germany,2024-09-19
196,Krzysztof,Kamiński,user196@o2.pl,,Kielce,GERMANY,2025-05-24
2,Piotr,Wójcik,user2@o2.pl,,Wrocław,austria,2024-08-08
414,Rafał,Kwiatkowski,user414@o2.pl,,Szczecin,POLAND,03/11/2024
375,Marek,Wójcik,user375@wp.pl,+48 690244472,Łódź,Austria,2024-09-25
20,Magdalena,Lewandowski,user20@gmail.com,+48 686728778,  Kraków  ,austria,23/07/2025
154,Rafał,Kowalczyk,user154@wp.pl,+48 653690013,Rzeszów,czech republic,2024-04-25
329,Magdalena,Szymański,user329@onet.pl,+48 654649480,Rzeszów,Slovakia,23/10/2024
305,Agnieszka,Kowalski,user305@gmail.com,+48 682427773,Wrocław,France,07/05/2025
49,Tomasz,Wójcik,user49@onet.pl,+48 608620650,Szczecin,slovakia,2025-01-28
465,Łukasz,Kozłowski,user465@interia.pl,+48 618083446,Poznań,Czech Republic,25/09/2024
420,Jakub,Kowalczyk,user420@o2.pl,+48 649075919,Białystok,austria,2024-09-15
296,Piotr,Szymański,user296@gmail.com,,Kraków,austria,2025-04-29
360,Maria,Lewandowski,user360@interia.pl,+48 691052385,Katowice,Czech Republic,03/05/2024
354,Maria,Jankowski,user354@onet.pl,+48 635298445,Lublin,France,2026-02-22
461,Natalia,Dąbrowski,user461@interia.pl,+48 626672234,Gdańsk,AUSTRIA,2024-06-24
423,Anna,Wiśniewski,user423@gmail.com,+48 619505652,Katowice,CZECH REPUBLIC,2025-03-20
250,Jakub,Nowak,user250@o2.pl,+48 643752954,Wrocław,France,2024-06-18
89,Natalia,Lewandowski,user89@interia.pl,+48 604818295,  Białystok  ,Austria,2025-08-14
248,Katarzyna,Dąbrowski,user248@o2.pl,+48 662015859,Wrocław,AUSTRIA,16/01/2025
406,Anna,Woźniak,user406@wp.pl,+48 661021210,  Warszawa  ,AUSTRIA,17/10/2024
167,Agnieszka,Kamiński,user167@o2.pl,+48 610584397,Poznań,SLOVAKIA,13/07/2024
371,Łukasz,Woźniak,user371@o2.pl,+48 666951647,Warszawa,poland,2024-08-12
40,Piotr,Woźniak,user40@o2.pl,+48 616726926,Rzeszów,SLOVAKIA,2025-02-15
376,Rafał,Kozłowski,user376@wp.pl,+48 678222933,Białystok,austria,04/10/2024
112,Piotr,Kwiatkowski,user112@o2.pl,+48 616937148,Poznań,slovakia,2024-07-31
470,Katarzyna,Mazur,,,Wrocław,slovakia,2024-11-18
292,Jakub,Nowak,user292@onet.pl,+48 642148834,Szczecin,France,2025-05-23
205,Jan,Jankowski,,+48 690395620,Rzeszów,slovakia,2024-12-18
293,Łukasz,Kowalczyk,user293@gmail.com,+48 692080722,Poznań,austria,2025-05-03
48,Barbara,Woźniak,user48@interia.pl,,Poznań,FRANCE,13/11/2025
