order_id,customer_id,order_date,status,shipping_address,shipping_city,shipping_country,total_amount
63,254,2025-06-10,CANCELLED,ul. Zielona 84,Warszawa,Poland,915.12
970,406,2026-01-09,returned,ul. Lipowa 19,Rzeszów,Poland,423.7
249,266,15/01/2026,pending,ul. Lipowa 28,Warszawa,Poland,1460.93
680,249,2025-11-28,CANCELLED,ul. Wiosenna 79,Łódź,Poland,573.35
812,111,19/07/2025,Completed,,Katowice,Poland,171.95
157,208,2025-12-27,completed,ul. Letnia 96,Gdańsk,Poland,1902.72
189,466,09/09/2025,COMPLETED,ul. Polna 94,Warszawa,Poland,61.02
577,329,2025-12-23,Completed,ul. Wiosenna 32,Rzeszów,Poland,646.1
583,230,26/07/2025,returned,ul. Ogrodowa 11,Gdańsk,Poland,614.21
865,200,2025-06-13,Completed,ul. Zielona 29,Rzeszów,Poland,1567.73
864,85,2025-04-18,returned,ul. Polna 69,Gdańsk,Poland,372.24
22,480,25/03/2026,PENDING,ul. Leśna 91,Białystok,Poland,1221.57
266,136,04/04/2025,COMPLETED,ul. Leśna 85,Kielce,Poland,174.47
974,334,2026-01-19,pending,ul. Lipowa 15,Łódź,Poland,1431.59
210,123,2025-06-30,COMPLETED,,Białystok,,391.73
237,64,2025-08-09,CANCELLED,ul. Różana 1,Gdańsk,Poland,549.87
367,174,11/03/2026,PENDING,ul. Leśna 74,Łódź,Poland,238.42
371,270,2025-09-12,Cancelled,,Poznań,Poland,1549.38
104,374,26/07/2025,CANCELLED,ul. Różana 96,Gdańsk,Poland,1975.29
733,121,16/09/2025,shipped,ul. Polna 70,Kielce,Poland,177.76
169,220,2026-01-15,shipped,ul. Słoneczna 99,Kraków,Poland,509.76
255,400,2026-03-30,cancelled,ul. Ogrodowa 28,Katowice,Poland,480.64
956,444,2025-10-11,SHIPPED,ul. Ogrodowa 85,Warszawa,Poland,1450.32
984,157,24/10/2025,Cancelled,ul. Polna 62,Kraków,Poland,292.31
708,191,22/11/2025,SHIPPED,ul. Ogrodowa 81,Kielce,Poland,1370.28
79,295,2026-02-16,PENDING,ul. Wiosenna 45,Rzeszów,Poland,794.36
267,31,2025-04-25,pending,ul. Różana 25,Katowice,Poland,1189.24
713,190,2025-12-04,Cancelled,ul. Wiosenna 51,Białystok,Poland,485.52
736,123,2025-11-16,Completed,,Katowice,Poland,1673.68
232,8,2025-09-29,completed,ul. Słoneczna 65,Kraków,Poland,922.88
366,288,21/11/2025,returned,ul. Różana 57,Szczecin,Poland,551.27
697,196,2025-09-24,completed,ul. Leśna 97,Warszawa,Poland,1505.69
127,199,22/10/2025,cancelled,ul. Polna 67,Kielce,Poland,802.72
884,267,2025-11-20,Cancelled,ul. Letnia 60,Gdańsk,,953.89
717,21,26/12/2025,Completed,ul. Wiosenna 14,Poznań,Poland,1061.65
221,350,2025-05-09,completed,ul. Leśna 90,Lublin,,595.51
758,338,14/11/2025,Cancelled,ul. Polna 27,Szczecin,Poland,1719.06
84,100,2026-03-29,PENDING,,Łódź,Poland,979.82
410,184,2025-08-07,shipped,ul. Kwiatowa 57,Białystok,Poland,881.24
256,146,08/07/2025,pending,,Poznań,Poland,1618.7
527,287,2025-06-21,shipped,ul. Zielona 90,Kraków,Poland,1203.98
128,236,2025-11-03,pending,ul. Wiosenna 19,Białystok,Poland,1701.27
825,400,2025-08-26,CANCELLED,ul. Kwiatowa 53,Białystok,Poland,956.5
491,429,2025-05-05,PENDING,ul. Lipowa 84,Kielce,Poland,51.38
429,52,2026-02-22,cancelled,ul. Słoneczna 55,Szczecin,,528.58
544,7,2025-09-19,PENDING,,Białystok,Poland,1912.31
983,276,20/05/2025,SHIPPED,ul. Zielona 68,Lublin,Poland,1533.38
244,372,22/09/2025,PENDING,ul. Słoneczna 11,Łódź,Poland,1167.12
365,66,30/07/2025,Cancelled,ul. Leśna 4,Poznań,Poland,1704.96
272,333,2025-08-30,pending,ul. Różana 23,Białystok,Poland,1046.86
196,218,2025-04-27,returned,ul. Słoneczna 45,Kraków,Poland,750.84
117,183,11/02/2026,completed,ul. Różana 93,Łódź,,1070.65
989,24,17/07/2025,returned,ul. Letnia 87,Katowice,Poland,1104.53
534,244,09/02/2026,SHIPPED,ul. Ogrodowa 92,Rzeszów,Poland,1970.45
485,97,19/12/2025,PENDING,ul. Kwiatowa 69,Białystok,Poland,272.1
39,290,30/05/2025,SHIPPED,ul. Zielona 17,Rzeszów,Poland,1148.41
613,359,29/03/2026,PENDING,ul. Polna 38,Warszawa,,854.42
903,236,2025-04-30,Completed,,Białystok,Poland,249.55
107,362,11/04/2025,returned,ul. Słoneczna 78,Katowice,Poland,509.88
150,114,2026-02-09,COMPLETED,ul. Słoneczna 76,Katowice,Poland,1152.87
422,249,25/04/2025,CANCELLED,ul. Kwiatowa 39,Szczecin,Poland,1215.2
50,228,2026-01-23,completed,,Poznań,Poland,1310.38
649,14,2025-07-28,COMPLETED,ul. Letnia 12,Kraków,Poland,1269.97
704,384,28/02/2026,Completed,ul. Różana 43,Kielce,Poland,1277.71
702,31,2025-12-13,returned,ul. Kwiatowa 58,Szczecin,Poland,706.91
144,274,2025-06-12,Cancelled,ul. Letnia 46,Białystok,Poland,216.04
437,320,19/05/2025,cancelled,ul. Różana 98,Warszawa,Poland,1493.22
69,208,03/05/2025,completed,ul. Letnia 98,Łódź,Poland,1452.21
139,407,19/09/2025,Cancelled,ul. Różana 39,Białystok,Poland,1433.26
700,28,2025-09-18,returned,ul. Lipowa 77,Poznań,Poland,964.67
476,103,22/08/2025,pending,ul. Letnia 98,Kielce,Poland,597.01
159,116,2025-09-28,Completed,ul. Kwiatowa 55,Katowice,Poland,244.2
796,392,2025-05-07,COMPLETED,ul. Leśna 20,Kielce,Poland,1245.77
741,235,2025-05-10,cancelled,ul. Kwiatowa 5,Katowice,Poland,53.9
115,4,13/03/2026,COMPLETED,ul. Kwiatowa 49,Białystok,Poland,546.35
735,50,07/11/2025,PENDING,ul. Letnia 82,Kraków,Poland,260.45
664,203,2025-04-25,cancelled,ul. Zielona 29,Rzeszów,Poland,1899.79
53,36,2025-04-27,Cancelled,ul. Wiosenna 77,Rzeszów,Poland,1926.87
102,391,2026-02-20,PENDING,ul. Polna 71,Rzeszów,Poland,625.58
181,112,30/03/2026,shipped,ul. Letnia 34,Poznań,Poland,551.66
120,179,2025-08-03,returned,ul. Lipowa 94,Szczecin,Poland,303.46
384,476,2025-07-09,Cancelled,,Szczecin,Poland,1986.75
213,50,2025-07-20,COMPLETED,ul. Polna 4,Białystok,Poland,1740.25
790,240,2025-06-01,completed,,Poznań,Poland,1280.6
951,333,2025-12-26,PENDING,ul. Zielona 54,Szczecin,Poland,1485.86
908,66,2025-06-05,pending,ul. Ogrodowa 45,Rzeszów,Poland,1624.72
251,473,2026-01-05,pending,ul. Słoneczna 51,Kraków,Poland,636.94
549,419,2025-09-09,completed,ul. Wiosenna 85,Rzeszów,Poland,1698.59
848,15,2025-06-14,Cancelled,ul. Kwiatowa 64,Rzeszów,Poland,868.8
757,8,2025-10-11,pending,ul. Polna 93,Kielce,Poland,663.72
599,358,21/04/2025,COMPLETED,ul. Ogrodowa 58,Gdańsk,Poland,1009.4
64,112,2025-09-22,SHIPPED,ul. Ogrodowa 33,Lublin,Poland,604.2
628,369,2025-10-18,Cancelled,ul. Zielona 97,Łódź,Poland,1201.55
348,199,04/10/2025,Completed,ul. Letnia 31,Rzeszów,Poland,1652.94
656,255,2025-04-11,CANCELLED,,Lublin,Poland,1096.1
106,364,2025-04-16,cancelled,ul. Różana 55,Rzeszów,Poland,1844.51
362,195,04/12/2025,returned,ul. Letnia 85,Łódź,Poland,1752.58
375,114,20/06/2025,PENDING,ul. Letnia 65,Wrocław,Poland,1460.56
239,380,14/10/2025,Completed,ul. Różana 31,Lublin,Poland,1295.98
581,288,06/08/2025,PENDING,ul. Leśna 15,Kielce,Poland,212.2
858,237,2025-07-05,Cancelled,ul. Polna 80,Białystok,Poland,1442.71
689,224,2025-12-29,pending,ul. Polna 67,Kraków,Poland,123.25
27,15,2025-12-05,completed,ul. Zielona 87,Kraków,Poland,1574.72
871,269,2025-08-28,Cancelled,ul. Kwiatowa 3,Białystok,Poland,1400.31
421,413,2025-04-17,COMPLETED,ul. Różana 2,Łódź,Poland,780.3
950,359,2026-01-09,cancelled,ul. Słoneczna 97,Poznań,Poland,1240.23
558,335,15/11/2025,CANCELLED,ul. Różana 53,Szczecin,Poland,1637.11
638,298,2025-08-07,cancelled,ul. Polna 87,Katowice,Poland,1923.55
207,293,05/04/2025,pending,ul. Polna 35,Kraków,Poland,267.76
254,272,2026-03-19,COMPLETED,ul. Ogrodowa 55,Łódź,Poland,1320.77
839,346,28/02/2026,pending,ul. Wiosenna 30,Kraków,Poland,642.12
435,237,22/07/2025,pending,ul. Polna 87,Szczecin,Poland,1707.54
936,421,28/06/2025,CANCELLED,ul. Słoneczna 69,Łódź,Poland,1894.67
393,334,2026-03-22,cancelled,ul. Ogrodowa 94,Szczecin,Poland,1995.84
222,205,10/12/2025,CANCELLED,ul. Lipowa 45,Katowice,Poland,1640.21
492,374,20/10/2025,completed,ul. Leśna 23,Białystok,,297.64
560,82,27/07/2025,COMPLETED,ul. Ogrodowa 22,Rzeszów,Poland,1862.63
74,274,2025-08-03,COMPLETED,ul. Wiosenna 82,Poznań,Poland,1114.76
915,255,11/05/2025,Cancelled,ul. Słoneczna 80,Kraków,Poland,1561.19
54,215,2026-02-09,Cancelled,ul. Kwiatowa 64,Wrocław,Poland,1392.58
9,322,30/01/2026,completed,ul. Lipowa 58,Poznań,Poland,0.0
439,82,10/09/2025,shipped,ul. Leśna 54,Białystok,Poland,1267.95
621,389,2026-01-15,Completed,ul. Ogrodowa 50,Kielce,Poland,1535.76
691,396,2026-01-02,shipped,ul. Wiosenna 71,Gdańsk,Poland,1865.66
454,117,2025-12-16,SHIPPED,ul. Zielona 2,Poznań,Poland,1743.06
230,406,07/09/2025,PENDING,ul. Kwiatowa 58,Łódź,Poland,1165.19
391,194,07/04/2025,Cancelled,ul. Letnia 41,Lublin,Poland,443.52
434,236,13/05/2025,SHIPPED,ul. Różana 61,Lublin,,705.81
224,59,2026-03-15,shipped,ul. Wiosenna 19,Kielce,Poland,1975.87
152,452,02/08/2025,SHIPPED,ul. Kwiatowa 88,Lublin,Poland,302.49
909,1,15/12/2025,returned,ul. Ogrodowa 17,Rzeszów,Poland,1557.2
929,303,2026-02-01,CANCELLED,ul. Letnia 96,Poznań,Poland,1911.8
72,428,2025-12-09,CANCELLED,ul. Różana 98,Rzeszów,Poland,66.01
408,240,2026-02-03,shipped,ul. Polna 61,Łódź,Poland,1136.26
729,146,2025-09-07,SHIPPED,ul. Lipowa 61,Szczecin,Poland,1225.35
655,366,2025-04-10,COMPLETED,,Łódź,Poland,1218.31
163,461,2026-01-30,Cancelled,,Kielce,Poland,761.13
546,451,18/07/2025,Completed,ul. Wiosenna 4,Białystok,,1916.9
59,452,2025-04-04,COMPLETED,,Łódź,Poland,768.83
242,48,2025-08-23,completed,ul. Zielona 20,Warszawa,Poland,1945.35
811,150,2025-09-12,shipped,ul. Kwiatowa 76,Łódź,Poland,357.79
694,311,28/02/2026,CANCELLED,ul. Słoneczna 59,Lublin,Poland,802.13
578,314,17/05/2025,completed,ul. Lipowa 11,Warszawa,,124.45
976,331,08/01/2026,Cancelled,ul. Leśna 72,Lublin,Poland,164.1
448,367,28/05/2025,returned,ul. Kwiatowa 57,Katowice,Poland,1627.09
503,296,2025-12-15,Cancelled,ul. Letnia 57,Kraków,Poland,1038.69
241,364,19/07/2025,COMPLETED,ul. Różana 98,Kielce,Poland,334.93
650,195,01/12/2025,SHIPPED,ul. Kwiatowa 42,Poznań,Poland,913.37
614,398,18/01/2026,Cancelled,ul. Letnia 21,Białystok,Poland,1875.07
759,251,2025-11-14,CANCELLED,,Warszawa,Poland,1567.16
645,50,27/12/2025,completed,,Poznań,Poland,1556.61
132,201,2025-07-07,PENDING,ul. Leśna 90,Lublin,Poland,1509.49
328,197,2025-12-10,pending,ul. Różana 69,Warszawa,Poland,1530.73
931,353,26/04/2025,SHIPPED,ul. Zielona 73,Kraków,Poland,49.03
845,405,2025-07-15,Completed,ul. Lipowa 2,Łódź,Poland,1790.65
772,23,2025-11-13,shipped,ul. Kwiatowa 63,Wrocław,Poland,218.19
605,254,02/09/2025,Cancelled,,Poznań,Poland,635.01
162,153,2026-04-01,cancelled,ul. Polna 52,Gdańsk,,411.14
268,440,2025-10-26,Cancelled,ul. Letnia 14,Łódź,Poland,1950.63
171,99,28/08/2025,completed,ul. Lipowa 7,Szczecin,Poland,1273.95
985,19,01/06/2025,shipped,ul. Różana 91,Poznań,Poland,423.4
313,27,16/10/2025,completed,ul. Słoneczna 33,Szczecin,Poland,1745.52
636,448,24/08/2025,shipped,ul. Wiosenna 30,Rzeszów,Poland,740.79
768,183,2025-12-01,shipped,ul. Leśna 56,Lublin,,1139.01
97,13,2025-10-16,cancelled,ul. Letnia 7,Kielce,Poland,1398.63
897,258,16/06/2025,Cancelled,ul. Leśna 89,Rzeszów,Poland,1341.35
259,3,09/11/2025,Completed,ul. Różana 5,Lublin,Poland,1296.66
808,399,2025-06-26,Completed,ul. Letnia 2,Wrocław,Poland,1280.93
155,47,23/02/2026,pending,ul. Polna 74,Warszawa,Poland,1860.59
633,356,16/11/2025,completed,ul. Wiosenna 9,Rzeszów,Poland,807.13
123,476,19/09/2025,PENDING,ul. Słoneczna 86,Katowice,Poland,1337.64
977,366,2025-06-30,completed,ul. Lipowa 78,Szczecin,Poland,524.76
87,111,2026-03-10,returned,ul. Lipowa 50,Rzeszów,Poland,29.24
13,270,2025-06-21,shipped,ul. Słoneczna 75,Katowice,Poland,1384.26
12,365,2025-09-05,COMPLETED,,Szczecin,Poland,903.4
963,401,27/05/2025,completed,ul. Leśna 48,Poznań,Poland,1570.89
417,69,2025-10-18,PENDING,ul. Różana 77,Szczecin,Poland,1346.36
453,291,03/08/2025,Cancelled,ul. Polna 96,Rzeszów,Poland,1721.11
917,31,14/07/2025,COMPLETED,,Warszawa,Poland,836.89
763,329,06/02/2026,PENDING,ul. Letnia 33,Rzeszów,Poland,1042.63
510,9999,2025-06-23,returned,ul. Zielona 77,Kraków,Poland,304.71
1,259,2025-11-18,cancelled,ul. Różana 47,Kielce,Poland,1511.94
177,155,21/12/2025,shipped,ul. Kwiatowa 17,Wrocław,Poland,1785.34
701,445,28/02/2026,cancelled,ul. Słoneczna 65,Łódź,,1493.79
406,329,15/05/2025,returned,ul. Kwiatowa 75,Szczecin,Poland,1987.64
397,280,15/03/2026,cancelled,,Rzeszów,Poland,1744.41
151,139,10/03/2026,Completed,ul. Różana 24,Gdańsk,Poland,1581.72
958,32,2025-06-02,shipped,ul. Letnia 51,Wrocław,Poland,1952.21
738,372,2025-05-21,COMPLETED,ul. Polna 19,Gdańsk,Poland,1078.92
676,411,13/03/2026,COMPLETED,ul. Letnia 69,Poznań,Poland,1491.19
229,297,20/10/2025,returned,ul. Ogrodowa 2,Łódź,Poland,1008.9
962,217,27/07/2025,Cancelled,ul. Kwiatowa 74,Katowice,Poland,651.49
703,189,2025-07-13,SHIPPED,ul. Wiosenna 98,Katowice,Poland,1339.31
138,43,2025-05-10,returned,ul. Leśna 3,Białystok,Poland,561.98
394,196,2026-03-29,pending,ul. Letnia 25,Warszawa,Poland,1823.86
585,254,2025-06-05,CANCELLED,ul. Ogrodowa 33,Wrocław,Poland,1810.47
129,18,27/10/2025,shipped,ul. Lipowa 36,Rzeszów,Poland,447.1
539,365,07/06/2025,COMPLETED,ul. Lipowa 79,Kraków,Poland,1470.46
198,245,05/02/2026,SHIPPED,ul. Słoneczna 19,Kraków,Poland,1539.72
28,209,2025-05-13,shipped,ul. Polna 48,Lublin,Poland,1084.32
331,196,2025-12-03,Completed,ul. Słoneczna 88,Poznań,Poland,1094.75
667,156,29/05/2025,cancelled,ul. Wiosenna 66,Katowice,Poland,1383.13
515,457,2025-05-18,Cancelled,ul. Polna 91,Rzeszów,Poland,596.39
478,186,2025-04-22,PENDING,ul. Kwiatowa 18,Kraków,Poland,1616.01
857,394,29/12/2025,completed,ul. Wiosenna 36,Szczecin,Poland,145.69
755,303,2025-11-25,Completed,ul. Zielona 16,Kielce,Poland,477.09
218,35,2025-09-29,cancelled,,Łódź,Poland,1972.56
882,471,2025-12-17,COMPLETED,ul. Polna 91,Lublin,Poland,284.78
479,426,15/07/2025,cancelled,,Szczecin,Poland,1748.7
952,477,13/07/2025,Completed,ul. Zielona 69,Białystok,Poland,1102.47
821,149,2025-12-31,completed,ul. Wiosenna 33,Białystok,Poland,1203.74
445,103,2025-11-04,COMPLETED,ul. Leśna 74,Katowice,Poland,898.43
771,48,2025-12-03,SHIPPED,,Poznań,Poland,1265.63
329,466,13/10/2025,PENDING,ul. Zielona 28,Warszawa,Poland,879.47
815,22,06/03/2026,shipped,ul. Ogrodowa 50,Szczecin,Poland,1745.05
223,93,12/09/2025,CANCELLED,ul. Ogrodowa 9,Gdańsk,Poland,441.02
443,210,19/10/2025,SHIPPED,ul. Zielona 81,Katowice,Poland,64.98
870,168,21/12/2025,COMPLETED,ul. Polna 47,Białystok,Poland,962.19
426,92,2025-09-02,completed,ul. Słoneczna 82,Warszawa,Poland,92.49
5,381,2025-10-09,completed,ul. Letnia 79,Łódź,Poland,426.16
270,76,2026-02-08,COMPLETED,ul. Wiosenna 24,Poznań,,916.23
709,267,03/06/2025,pending,ul. Kwiatowa 56,Katowice,Poland,615.13
862,479,11/08/2025,SHIPPED,ul. Polna 46,Białystok,Poland,1275.22
180,263,09/01/2026,Cancelled,ul. Różana 72,Szczecin,Poland,384.45
427,128,2025-07-04,COMPLETED,ul. Polna 82,Katowice,Poland,1944.27
470,135,2025-10-30,cancelled,ul. Ogrodowa 94,Gdańsk,Poland,629.87
612,331,2025-06-02,SHIPPED,ul. Kwiatowa 95,Wrocław,Poland,511.49
386,453,2025-05-17,completed,ul. Słoneczna 37,Szczecin,Poland,1256.51
141,334,2025-12-18,returned,ul. Polna 77,Rzeszów,Poland,1605.02
193,262,03/09/2025,Completed,,Wrocław,,311.81
308,391,2025-05-15,completed,ul. Ogrodowa 14,Rzeszów,Poland,1282.04
58,404,12/10/2025,pending,ul. Leśna 48,Gdańsk,Poland,1954.66
42,389,2025-12-10,completed,ul. Różana 69,Katowice,Poland,682.72
619,253,2026-03-03,shipped,ul. Różana 89,Łódź,Poland,430.36
866,115,19/07/2025,COMPLETED,ul. Różana 48,Gdańsk,,1047.49
206,17,05/01/2026,shipped,ul. Różana 55,Kielce,Poland,1428.59
784,326,2026-01-18,SHIPPED,ul. Różana 93,Kielce,Poland,657.25
30,247,2025-11-26,returned,ul. Ogrodowa 81,Wrocław,Poland,110.06
600,161,27/12/2025,pending,ul. Kwiatowa 89,Gdańsk,Poland,662.25
644,367,2025-07-19,COMPLETED,ul. Lipowa 89,Poznań,Poland,1653.96
512,142,2025-09-10,COMPLETED,ul. Zielona 87,Łódź,Poland,565.43
405,428,2025-12-22,Completed,ul. Słoneczna 90,Katowice,Poland,1165.82
153,137,2025-05-11,cancelled,ul. Leśna 87,Białystok,Poland,889.14
502,9999,03/12/2025,Completed,ul. Kwiatowa 74,Katowice,Poland,1264.85
669,324,2025-05-16,PENDING,ul. Słoneczna 77,Lublin,Poland,661.85
279,412,15/08/2025,Cancelled,ul. Letnia 33,Kielce,Poland,46.85
597,177,06/07/2025,completed,ul. Słoneczna 37,Łódź,Poland,701.56
261,357,25/07/2025,returned,ul. Lipowa 48,Białystok,Poland,1654.4
66,13,2025-12-05,PENDING,ul. Ogrodowa 11,Poznań,Poland,1294.44
529,151,20/02/2026,cancelled,ul. Wiosenna 6,Wrocław,Poland,562.1
941,133,17/02/2026,SHIPPED,ul. Ogrodowa 55,Warszawa,Poland,511.26
134,412,05/05/2025,completed,ul. Zielona 14,Kielce,Poland,765.58
625,334,2026-03-20,Cancelled,ul. Letnia 99,Szczecin,Poland,787.16
312,411,2025-08-28,returned,ul. Lipowa 73,Kraków,Poland,219.81
118,385,27/09/2025,Cancelled,ul. Wiosenna 66,Szczecin,Poland,0.0
616,162,23/09/2025,shipped,,Szczecin,Poland,666.69
912,119,12/11/2025,completed,ul. Zielona 8,Katowice,Poland,873.82
840,88,2025-09-10,COMPLETED,ul. Lipowa 60,Warszawa,Poland,1817.12
215,83,21/07/2025,shipped,ul. Zielona 84,Lublin,Poland,1575.0
356,293,2025-08-19,shipped,ul. Wiosenna 38,Kraków,Poland,257.48
672,61,05/11/2025,returned,ul. Zielona 82,Gdańsk,Poland,1003.97
295,354,2026-03-03,COMPLETED,ul. Letnia 95,Rzeszów,Poland,305.42
203,357,22/09/2025,completed,ul. Różana 48,Warszawa,Poland,166.07
514,278,14/08/2025,Completed,,Rzeszów,Poland,1976.16
160,128,02/02/2026,PENDING,ul. Słoneczna 34,Wrocław,,799.37
723,99,2026-03-09,completed,ul. Słoneczna 50,Łódź,Poland,1933.77
6,404,20/08/2025,cancelled,ul. Różana 100,Wrocław,Poland,1084.12
662,284,30/06/2025,COMPLETED,ul. Polna 66,Łódź,Poland,1036.5
309,101,2025-08-22,returned,ul. Leśna 95,Łódź,Poland,1584.21
166,341,02/02/2026,CANCELLED,ul. Wiosenna 88,Rzeszów,Poland,1565.07
918,231,2026-02-16,Cancelled,ul. Letnia 6,Lublin,,1458.99
274,452,08/09/2025,CANCELLED,ul. Leśna 94,Rzeszów,Poland,1575.74
869,171,17/11/2025,completed,,Gdańsk,Poland,663.99
334,41,2025-05-26,shipped,ul. Lipowa 57,Łódź,Poland,533.89
501,68,2025-09-24,returned,ul. Kwiatowa 96,Szczecin,Poland,1959.47
957,30,02/08/2025,cancelled,ul. Różana 89,Warszawa,Poland,175.64
508,192,2025-04-20,Completed,ul. Zielona 29,Rzeszów,Poland,1227.14
570,129,2025-05-13,Cancelled,ul. Polna 59,Lublin,Poland,587.99
817,221,31/12/2025,CANCELLED,ul. Wiosenna 81,Katowice,Poland,1806.79
786,371,2025-10-20,Completed,ul. Zielona 11,Kraków,Poland,1614.64
197,465,23/02/2026,completed,ul. Polna 100,Kielce,Poland,904.46
46,161,13/04/2025,COMPLETED,ul. Kwiatowa 57,Warszawa,Poland,150.26
711,238,12/02/2026,shipped,ul. Różana 96,Szczecin,Poland,180.64
78,235,2026-03-31,Completed,ul. Różana 78,Wrocław,Poland,1760.89
300,342,2025-06-06,Cancelled,ul. Słoneczna 51,Szczecin,Poland,845.46
388,409,08/05/2025,CANCELLED,ul. Zielona 78,Poznań,Poland,1239.46
742,191,03/09/2025,completed,ul. Wiosenna 11,Łódź,Poland,1131.6
262,166,23/08/2025,pending,ul. Leśna 93,Gdańsk,Poland,29.78
212,159,2025-10-03,PENDING,ul. Letnia 25,Gdańsk,Poland,1948.22
285,239,10/07/2025,PENDING,ul. Polna 39,Katowice,Poland,50.87
277,220,2026-01-03,PENDING,ul. Polna 87,Warszawa,Poland,1174.65
745,79,2025-09-05,COMPLETED,ul. Ogrodowa 10,Katowice,Poland,65.01
126,304,03/02/2026,SHIPPED,ul. Ogrodowa 49,Białystok,Poland,1188.32
875,387,2025-08-20,PENDING,ul. Polna 18,Katowice,Poland,1966.64
752,421,17/07/2025,pending,ul. Kwiatowa 88,Lublin,Poland,1465.11
216,185,26/08/2025,completed,ul. Różana 31,Wrocław,Poland,1916.87
944,128,25/05/2025,CANCELLED,,Katowice,Poland,899.01
830,209,14/12/2025,completed,ul. Różana 13,Kielce,Poland,1537.65
960,414,2025-07-06,SHIPPED,ul. Kwiatowa 38,Szczecin,Poland,562.46
8,12,2025-07-01,SHIPPED,ul. Słoneczna 93,Szczecin,Poland,138.69
969,66,2026-02-22,Completed,ul. Ogrodowa 57,Warszawa,Poland,287.12
524,179,05/01/2026,Cancelled,ul. Ogrodowa 46,Białystok,Poland,1932.49
170,102,2026-02-10,shipped,ul. Leśna 76,Kielce,Poland,281.95
345,126,07/09/2025,returned,ul. Polna 78,Poznań,Poland,253.57
531,248,03/09/2025,shipped,ul. Zielona 25,Szczecin,Poland,811.24
113,94,26/12/2025,PENDING,ul. Różana 57,Kielce,Poland,1280.14
767,343,30/05/2025,SHIPPED,ul. Lipowa 49,Katowice,Poland,662.94
294,266,2026-03-07,COMPLETED,,Kielce,Poland,1647.44
96,307,19/08/2025,cancelled,ul. Ogrodowa 83,Warszawa,Poland,1303.13
973,258,2025-11-25,cancelled,ul. Słoneczna 7,Warszawa,Poland,624.9
299,64,2025-05-13,completed,ul. Leśna 22,Lublin,Poland,962.79
318,371,2026-03-16,Cancelled,ul. Ogrodowa 56,Katowice,Poland,1943.5
401,353,05/01/2026,returned,ul. Kwiatowa 40,Poznań,Poland,943.18
906,9999,2025-05-05,returned,ul. Letnia 14,Łódź,Poland,218.91
236,258,18/03/2026,returned,ul. Różana 28,Wrocław,Poland,246.71
563,356,01/12/2025,CANCELLED,ul. Wiosenna 95,Łódź,Poland,1332.5
147,275,2025-05-16,PENDING,ul. Leśna 92,Gdańsk,Poland,1032.63
831,161,01/02/2026,PENDING,ul. Słoneczna 52,Lublin,Poland,1550.83
201,360,2025-09-30,completed,ul. Kwiatowa 47,Lublin,Poland,238.11
451,38,2025-04-05,Cancelled,ul. Słoneczna 44,Poznań,Poland,911.74
131,250,01/11/2025,returned,ul. Polna 3,Lublin,Poland,957.37
504,457,2025-10-11,Cancelled,ul. Wiosenna 85,Kraków,Poland,1047.76
195,40,02/02/2026,cancelled,ul. Lipowa 6,Białystok,Poland,682.99
109,217,2025-08-28,PENDING,ul. Letnia 69,Kielce,Poland,1473.19
511,392,30/11/2025,CANCELLED,ul. Różana 51,Białystok,Poland,159.65
364,215,19/10/2025,pending,ul. Lipowa 23,Katowice,Poland,708.21
990,97,2026-02-15,PENDING,,Rzeszów,Poland,1858.54
490,261,2025-08-13,completed,,Szczecin,Poland,722.27
467,474,10/10/2025,returned,ul. Polna 25,Kraków,Poland,1013.52
671,314,22/01/2026,PENDING,ul. Ogrodowa 92,Lublin,Poland,936.13
350,359,2025-12-31,SHIPPED,ul. Letnia 11,Łódź,Poland,752.35
988,75,2026-02-03,completed,ul. Polna 1,Warszawa,Poland,933.39
168,9999,08/03/2026,returned,ul. Różana 77,Rzeszów,,578.8
172,173,2026-03-03,shipped,ul. Kwiatowa 39,Kraków,Poland,715.03
692,5,2026-01-06,PENDING,ul. Kwiatowa 65,Lublin,Poland,350.66
194,116,18/04/2025,CANCELLED,ul. Lipowa 63,Łódź,Poland,1913.8
235,429,2025-05-06,completed,ul. Różana 14,Katowice,Poland,1098.57
252,370,2025-08-18,CANCELLED,ul. Słoneczna 41,Białystok,Poland,415.45
594,419,2025-07-24,SHIPPED,ul. Wiosenna 37,Rzeszów,Poland,141.31
418,14,2025-05-27,Completed,ul. Ogrodowa 47,Gdańsk,Poland,0.0
11,345,2025-09-22,shipped,ul. Lipowa 42,Lublin,Poland,735.31
116,388,2025-08-27,cancelled,ul. Ogrodowa 41,Wrocław,Poland,769.3
842,254,09/10/2025,CANCELLED,ul. Leśna 58,Kraków,Poland,628.05
987,201,13/01/2026,SHIPPED,ul. Polna 67,Lublin,Poland,1122.95
611,2,2025-05-21,Cancelled,ul. Słoneczna 41,Katowice,Poland,1081.89
754,297,2025-11-27,SHIPPED,ul. Lipowa 91,Szczecin,Poland,22.88
374,166,2026-03-23,PENDING,ul. Leśna 13,Poznań,Poland,765.63
100,126,2025-05-28,pending,ul. Zielona 58,Kielce,Poland,972.72
945,174,2026-01-21,Completed,ul. Ogrodowa 75,Wrocław,Poland,1094.39
860,321,27/09/2025,completed,ul. Kwiatowa 85,Gdańsk,Poland,1460.82
880,269,18/09/2025,SHIPPED,ul. Wiosenna 19,Katowice,Poland,1874.57
349,312,11/03/2026,COMPLETED,ul. Ogrodowa 58,Szczecin,Poland,882.67
137,382,2025-04-14,returned,ul. Wiosenna 84,Szczecin,Poland,747.3
257,294,31/08/2025,returned,ul. Ogrodowa 41,Wrocław,Poland,1007.33
246,52,2026-03-23,CANCELLED,,Kielce,Poland,763.0
124,325,16/02/2026,cancelled,ul. Zielona 99,Białystok,Poland,1822.13
357,253,2026-01-23,PENDING,ul. Lipowa 46,Kraków,Poland,167.21
695,207,08/08/2025,returned,ul. Ogrodowa 78,Białystok,Poland,1508.23
632,469,2025-05-13,returned,ul. Wiosenna 23,Warszawa,Poland,921.38
245,236,31/01/2026,COMPLETED,ul. Słoneczna 24,Kraków,Poland,1827.18
505,188,2026-03-21,shipped,ul. Leśna 59,Kraków,Poland,270.07
747,455,2025-06-12,pending,ul. Lipowa 30,Warszawa,Poland,1109.41
829,402,2025-06-05,cancelled,ul. Polna 56,Kielce,Poland,777.22
38,9999,12/05/2025,CANCELLED,,Poznań,Poland,1112.53
898,122,14/09/2025,completed,ul. Kwiatowa 26,Warszawa,Poland,1846.64
281,211,01/05/2025,Completed,ul. Kwiatowa 32,Białystok,Poland,731.65
412,260,2025-08-28,PENDING,ul. Różana 76,Warszawa,Poland,615.15
293,66,18/06/2025,PENDING,,Szczecin,Poland,936.36
7,369,29/01/2026,shipped,ul. Słoneczna 28,Kraków,Poland,694.6
547,414,05/11/2025,COMPLETED,ul. Polna 76,Lublin,Poland,402.46
816,79,25/02/2026,cancelled,ul. Leśna 13,Łódź,Poland,694.26
904,54,2026-01-01,completed,ul. Kwiatowa 58,Łódź,Poland,1852.55
296,254,2025-04-23,returned,ul. Słoneczna 81,Poznań,Poland,1615.12
292,211,2025-06-21,completed,ul. Różana 12,Łódź,Poland,500.44
9,322,30/01/2026,completed,ul. Lipowa 58,Poznań,Poland,0.0
209,424,2026-03-07,cancelled,ul. Leśna 35,Kraków,Poland,1562.02
653,149,28/08/2025,COMPLETED,ul. Lipowa 26,Katowice,Poland,0.0
964,95,13/10/2025,PENDING,,Szczecin,Poland,707.11
404,443,2026-01-26,PENDING,,Rzeszów,Poland,1138.78
665,209,13/05/2025,Completed,ul. Letnia 37,Katowice,Poland,81.21
186,325,19/12/2025,Cancelled,ul. Słoneczna 27,Białystok,Poland,803.02
411,428,2025-09-24,SHIPPED,ul. Różana 39,Warszawa,Poland,1531.08
932,467,2025-08-26,returned,ul. Leśna 60,Warszawa,Poland,1090.29
175,185,30/09/2025,SHIPPED,ul. Ogrodowa 31,Kielce,Poland,192.72
291,427,2026-01-23,shipped,ul. Ogrodowa 65,Kielce,Poland,866.78
488,225,2025-12-19,CANCELLED,ul. Lipowa 12,Łódź,Poland,1042.66
824,151,2025-07-21,PENDING,ul. Leśna 23,Wrocław,Poland,1618.01
125,372,2025-05-10,shipped,ul. Różana 30,Wrocław,Poland,240.54
436,324,2025-10-09,COMPLETED,ul. Letnia 48,Poznań,Poland,1355.51
678,113,15/06/2025,PENDING,ul. Ogrodowa 31,Łódź,,1529.46
184,453,25/01/2026,CANCELLED,ul. Słoneczna 42,Warszawa,Poland,723.86
590,468,2025-07-17,COMPLETED,,Łódź,Poland,167.34
835,440,07/03/2026,Cancelled,ul. Polna 81,Lublin,Poland,897.76
794,270,2026-03-01,completed,ul. Kwiatowa 16,Szczecin,Poland,1782.61
316,105,17/10/2025,returned,ul. Kwiatowa 31,Katowice,Poland,1810.56
483,222,10/09/2025,SHIPPED,ul. Zielona 50,Warszawa,,317.98
335,117,18/01/2026,SHIPPED,ul. Leśna 15,Kielce,,1723.93
114,44,2025-11-13,COMPLETED,ul. Zielona 31,Katowice,Poland,38.82
566,226,2025-11-29,SHIPPED,ul. Letnia 21,Łódź,Poland,240.5
315,480,20/11/2025,returned,,Gdańsk,Poland,1778.3
321,224,03/12/2025,pending,,Warszawa,Poland,1778.9
154,240,13/11/2025,CANCELLED,ul. Leśna 40,Kielce,Poland,824.9
278,127,2026-03-11,completed,ul. Słoneczna 30,Lublin,Poland,1555.01
615,102,14/08/2025,PENDING,ul. Polna 42,Warszawa,Poland,1114.1
33,169,2025-04-14,Completed,ul. Kwiatowa 78,Katowice,,0.0
782,410,2026-03-09,shipped,ul. Letnia 10,Wrocław,Poland,1059.65
851,348,28/09/2025,completed,ul. Letnia 58,Kraków,Poland,317.67
358,172,2025-05-16,shipped,ul. Lipowa 91,Rzeszów,Poland,878.09
314,39,01/12/2025,shipped,ul. Letnia 40,Szczecin,Poland,1785.78
260,49,03/09/2025,PENDING,ul. Ogrodowa 52,Kraków,Poland,1232.39
841,41,03/04/2026,CANCELLED,,Szczecin,Poland,1345.87
220,349,2025-09-28,shipped,ul. Ogrodowa 48,Kraków,Poland,540.4
720,477,2025-10-27,returned,ul. Leśna 60,Łódź,Poland,136.32
463,111,01/11/2025,SHIPPED,,Szczecin,Poland,1775.3
734,246,2026-01-27,PENDING,ul. Słoneczna 86,Poznań,Poland,424.1
179,86,12/04/2025,Completed,ul. Zielona 8,Rzeszów,Poland,1000.15
814,253,27/08/2025,CANCELLED,ul. Kwiatowa 67,Rzeszów,Poland,864.5
681,9999,24/08/2025,SHIPPED,ul. Różana 58,Wrocław,Poland,828.9
686,252,2025-08-18,CANCELLED,,Poznań,Poland,1824.97
297,103,2026-04-03,Completed,ul. Lipowa 67,Kraków,Poland,68.82
354,115,07/11/2025,PENDING,ul. Lipowa 30,Kielce,Poland,1113.28
538,120,17/07/2025,CANCELLED,ul. Letnia 88,Białystok,Poland,0.0
972,180,13/05/2025,Completed,ul. Słoneczna 66,Łódź,Poland,1123.83
971,377,01/08/2025,cancelled,ul. Ogrodowa 90,Białystok,Poland,1073.93
396,141,15/06/2025,completed,ul. Wiosenna 78,Kielce,Poland,1504.87
595,4,2025-12-23,PENDING,ul. Letnia 74,Wrocław,Poland,170.04
111,87,03/04/2026,COMPLETED,,Rzeszów,Poland,590.91
620,391,21/11/2025,pending,ul. Letnia 4,Warszawa,Poland,967.81
347,477,2026-02-11,Completed,ul. Różana 4,Rzeszów,Poland,1039.5
148,421,2025-08-24,CANCELLED,,Białystok,Poland,1072.31
202,185,22/01/2026,PENDING,ul. Letnia 54,Wrocław,Poland,1499.05
654,414,03/01/2026,CANCELLED,,Łódź,Poland,1175.47
532,462,21/11/2025,cancelled,ul. Słoneczna 56,Gdańsk,Poland,484.72
787,458,25/09/2025,completed,ul. Zielona 4,Rzeszów,Poland,770.51
425,445,2025-09-28,completed,ul. Ogrodowa 33,Szczecin,Poland,1641.96
385,9999,22/12/2025,COMPLETED,ul. Ogrodowa 13,Warszawa,Poland,152.21
740,98,30/07/2025,SHIPPED,ul. Lipowa 96,Wrocław,Poland,1565.92
627,332,17/06/2025,PENDING,ul. Kwiatowa 40,Warszawa,Poland,681.19
15,109,2026-03-18,Completed,ul. Ogrodowa 16,Białystok,Poland,751.78
330,374,05/03/2026,COMPLETED,ul. Słoneczna 69,Katowice,Poland,1542.64
885,45,03/01/2026,Completed,ul. Wiosenna 60,Gdańsk,Poland,1132.84
596,165,08/12/2025,Completed,ul. Zielona 38,Białystok,Poland,452.15
526,180,2025-08-22,cancelled,ul. Polna 42,Warszawa,Poland,1819.48
682,77,19/09/2025,SHIPPED,ul. Kwiatowa 70,Poznań,Poland,884.57
363,251,15/09/2025,SHIPPED,ul. Wiosenna 38,Kraków,Poland,1795.7
513,327,2025-10-26,shipped,,Kielce,Poland,887.78
487,182,2025-08-21,COMPLETED,ul. Różana 4,Katowice,Poland,433.0
727,2,2025-07-21,pending,ul. Ogrodowa 88,Kielce,Poland,561.42
305,475,01/05/2025,shipped,ul. Ogrodowa 76,Białystok,Poland,819.47
238,158,03/09/2025,returned,ul. Różana 5,Warszawa,,1684.72
67,475,2026-02-02,COMPLETED,ul. Letnia 26,Gdańsk,Poland,619.38
935,76,20/02/2026,Cancelled,ul. Letnia 65,Kielce,Poland,1329.74
942,346,15/04/2025,shipped,ul. Ogrodowa 93,Szczecin,Poland,931.27
756,24,18/04/2025,CANCELLED,ul. Leśna 36,Kraków,Poland,1440.13
227,95,15/02/2026,CANCELLED,ul. Słoneczna 22,Wrocław,Poland,961.49
571,199,11/01/2026,cancelled,ul. Różana 39,Łódź,,1762.01
683,176,2025-07-22,shipped,ul. Wiosenna 78,Wrocław,Poland,1209.89
253,460,02/03/2026,Cancelled,ul. Kwiatowa 66,Poznań,Poland,1656.84
428,125,09/07/2025,SHIPPED,ul. Lipowa 42,Gdańsk,,1453.14
954,404,2025-10-18,SHIPPED,ul. Różana 81,Szczecin,Poland,1240.61
623,9999,10/06/2025,cancelled,ul. Polna 51,Wrocław,Poland,0.0
873,243,29/05/2025,Completed,ul. Kwiatowa 35,Gdańsk,Poland,1063.03
17,480,09/11/2025,pending,ul. Wiosenna 1,Kraków,Poland,108.47
174,52,2025-11-25,Cancelled,ul. Słoneczna 15,Kraków,Poland,1545.52
540,308,02/01/2026,Completed,,Katowice,Poland,206.44
769,211,20/12/2025,Cancelled,ul. Lipowa 14,Kielce,Poland,1442.49
325,358,09/02/2026,completed,ul. Różana 91,Białystok,Poland,1825.86
226,326,2026-01-21,COMPLETED,ul. Lipowa 39,Rzeszów,Poland,443.93
133,413,2025-04-05,PENDING,ul. Polna 74,Łódź,Poland,1796.49
943,413,10/05/2025,CANCELLED,ul. Kwiatowa 78,Szczecin,Poland,1227.45
805,25,23/12/2025,pending,ul. Leśna 64,Wrocław,Poland,1998.9
352,269,28/08/2025,PENDING,ul. Ogrodowa 97,Łódź,Poland,1891.2
646,130,2026-02-02,CANCELLED,ul. Różana 2,Rzeszów,Poland,762.33
732,214,2025-05-11,PENDING,ul. Kwiatowa 64,Białystok,Poland,589.36
178,434,08/10/2025,cancelled,ul. Lipowa 56,Kraków,Poland,1905.84
450,389,05/02/2026,Completed,ul. Ogrodowa 19,Wrocław,Poland,212.31
846,424,2025-05-17,pending,ul. Różana 22,Białystok,Poland,992.79
507,182,16/01/2026,SHIPPED,ul. Letnia 7,Lublin,Poland,1895.38
477,396,10/04/2025,cancelled,ul. Ogrodowa 99,Katowice,Poland,656.11
557,73,20/05/2025,returned,ul. Różana 88,Białystok,Poland,633.28
833,465,02/03/2026,completed,,Szczecin,Poland,1343.26
593,96,2026-02-16,completed,ul. Leśna 27,Warszawa,Poland,1258.39
521,236,10/07/2025,completed,ul. Różana 86,Warszawa,Poland,1268.43
57,90,2025-06-24,pending,ul. Kwiatowa 23,Poznań,Poland,1361.36
550,336,2025-07-08,SHIPPED,ul. Letnia 67,Szczecin,Poland,579.47
41,219,06/05/2025,completed,ul. Ogrodowa 56,Szczecin,Poland,943.84
26,386,03/12/2025,Cancelled,ul. Letnia 50,Kraków,Poland,1115.18
764,207,2025-06-17,COMPLETED,ul. Słoneczna 33,Wrocław,Poland,1120.8
359,407,27/12/2025,shipped,ul. Kwiatowa 82,Kielce,,764.89
519,429,28/05/2025,shipped,ul. Różana 6,Białystok,Poland,1292.5
949,110,2025-09-07,completed,ul. Leśna 6,Poznań,Poland,813.2
214,83,2025-08-09,COMPLETED,ul. Lipowa 92,Wrocław,Poland,1315.36
658,471,2026-01-23,COMPLETED,,Kraków,Poland,903.28
820,371,2026-02-10,returned,ul. Kwiatowa 78,Warszawa,Poland,1170.07
712,247,29/04/2025,COMPLETED,ul. Kwiatowa 56,Szczecin,Poland,956.88
31,289,2026-02-17,CANCELLED,ul. Polna 93,Lublin,Poland,437.48
493,20,2025-12-17,returned,ul. Zielona 54,Łódź,Poland,1046.83
777,432,07/02/2026,COMPLETED,ul. Leśna 10,Łódź,Poland,1405.38
679,423,2025-06-30,SHIPPED,,Łódź,Poland,1957.77
290,214,31/10/2025,PENDING,,Białystok,Poland,383.08
798,189,07/07/2025,CANCELLED,ul. Słoneczna 100,Poznań,Poland,1647.63
551,391,2025-05-18,CANCELLED,ul. Różana 11,Katowice,,1131.28
402,45,09/08/2025,COMPLETED,,Kraków,Poland,648.65
161,476,09/05/2025,shipped,ul. Kwiatowa 60,Białystok,Poland,31.66
462,452,22/10/2025,returned,,Katowice,Poland,410.84
642,117,14/10/2025,Cancelled,,Rzeszów,Poland,1875.12
937,268,05/12/2025,SHIPPED,ul. Letnia 48,Katowice,Poland,142.19
70,120,25/06/2025,Cancelled,ul. Wiosenna 44,Kraków,Poland,1544.86
545,318,2025-07-03,pending,ul. Lipowa 88,Łódź,Poland,1785.04
902,256,2026-02-04,Completed,ul. Polna 94,Łódź,Poland,1736.13
959,52,21/11/2025,cancelled,ul. Kwiatowa 49,Katowice,,1319.01
762,83,2025-08-22,Completed,,Wrocław,Poland,1973.26
522,150,20/03/2026,Cancelled,ul. Słoneczna 46,Kielce,Poland,512.43
641,422,2026-02-05,shipped,ul. Letnia 14,Białystok,,1335.98
275,148,07/11/2025,completed,,Lublin,Poland,1483.4
674,202,2025-12-28,PENDING,ul. Wiosenna 71,Białystok,Poland,852.58
598,318,26/08/2025,COMPLETED,ul. Wiosenna 2,Rzeszów,Poland,1547.34
852,334,04/01/2026,COMPLETED,ul. Polna 42,Białystok,Poland,1196.46
881,461,21/08/2025,PENDING,ul. Polna 96,Warszawa,Poland,1969.88
25,366,2025-09-16,COMPLETED,ul. Różana 42,Poznań,Poland,259.51
173,164,31/12/2025,completed,,Kielce,Poland,954.68
716,352,10/04/2025,cancelled,ul. Lipowa 6,Łódź,Poland,97.11
56,226,2025-06-08,cancelled,,Warszawa,Poland,453.51
696,209,2025-07-22,Completed,ul. Leśna 10,Białystok,Poland,248.76
456,446,04/01/2026,Cancelled,ul. Kwiatowa 86,Kraków,Poland,464.13
303,179,09/07/2025,CANCELLED,ul. Polna 84,Łódź,Poland,691.8
337,308,2026-02-07,COMPLETED,ul. Lipowa 66,Kraków,Poland,755.29
146,217,2025-11-24,PENDING,ul. Polna 52,Katowice,Poland,862.18
20,227,08/05/2025,COMPLETED,ul. Kwiatowa 74,Kielce,Poland,1130.87
98,447,2025-10-21,Completed,ul. Kwiatowa 9,Katowice,Poland,1276.05
878,118,06/12/2025,COMPLETED,ul. Polna 83,Kraków,Poland,157.1
520,49,2025-12-02,cancelled,ul. Zielona 54,Szczecin,Poland,1301.24
660,383,29/03/2026,cancelled,,Warszawa,Poland,1179.43
901,102,2025-05-04,shipped,ul. Zielona 26,Warszawa,Poland,183.64
86,380,2026-02-23,returned,ul. Słoneczna 20,Katowice,Poland,88.2
911,434,2026-02-24,Completed,,Katowice,Poland,736.41
872,56,2026-02-18,completed,ul. Polna 59,Szczecin,Poland,261.59
105,454,2026-01-30,CANCELLED,ul. Polna 25,Szczecin,Poland,1508.12
29,467,13/03/2026,completed,ul. Zielona 38,Kielce,Poland,0.0
978,100,2025-05-27,pending,ul. Letnia 65,Łódź,Poland,675.43
506,232,2026-02-20,shipped,ul. Letnia 25,Łódź,Poland,53.1
44,222,04/06/2025,returned,ul. Słoneczna 32,Kraków,Poland,1668.38
110,474,17/02/2026,COMPLETED,ul. Ogrodowa 19,Poznań,Poland,807.98
333,434,2025-08-10,completed,ul. Wiosenna 5,Gdańsk,Poland,451.33
342,409,2025-08-05,returned,ul. Wiosenna 41,Poznań,Poland,1823.92
35,228,05/10/2025,CANCELLED,ul. Ogrodowa 50,Łódź,Poland,1967.92
10,121,10/06/2025,SHIPPED,ul. Letnia 77,Wrocław,Poland,1573.88
850,9999,23/09/2025,shipped,ul. Polna 24,Wrocław,Poland,335.25
211,476,2025-11-17,COMPLETED,ul. Zielona 6,Białystok,Poland,115.14
879,9999,2026-03-17,shipped,ul. Różana 72,Rzeszów,Poland,620.46
407,331,07/11/2025,pending,ul. Letnia 71,Rzeszów,Poland,1551.35
854,457,16/10/2025,completed,ul. Leśna 85,Lublin,Poland,1439.17
82,253,2025-06-24,COMPLETED,ul. Lipowa 97,Kraków,Poland,831.99
631,39,2025-05-04,completed,ul. Kwiatowa 16,Poznań,Poland,1865.85
809,374,2025-06-02,COMPLETED,ul. Różana 1,Białystok,Poland,1227.29
460,480,29/11/2025,pending,ul. Wiosenna 23,Warszawa,Poland,569.4
601,207,2025-08-09,Cancelled,ul. Różana 54,Warszawa,Poland,775.29
928,153,01/06/2025,Cancelled,ul. Różana 78,Lublin,Poland,1303.09
52,348,2025-12-03,shipped,ul. Letnia 7,Szczecin,Poland,1288.3
284,267,25/05/2025,COMPLETED,ul. Wiosenna 73,Gdańsk,Poland,1007.88
455,245,06/01/2026,cancelled,ul. Zielona 65,Gdańsk,Poland,1853.64
457,399,01/02/2026,returned,ul. Wiosenna 59,Białystok,Poland,1683.15
10,121,10/06/2025,SHIPPED,ul. Letnia 77,Wrocław,Poland,1573.88
961,442,24/08/2025,CANCELLED,ul. Kwiatowa 42,Szczecin,Poland,1585.2
339,151,11/01/2026,cancelled,,Łódź,Poland,1225.9
2,117,2025-08-27,CANCELLED,ul. Wiosenna 67,Kielce,Poland,308.26
554,448,2025-07-17,shipped,ul. Letnia 48,Kielce,Poland,215.33
778,366,23/06/2025,returned,ul. Zielona 75,Gdańsk,Poland,1994.49
591,79,03/12/2025,COMPLETED,ul. Kwiatowa 93,Warszawa,Poland,1819.64
306,437,06/12/2025,COMPLETED,ul. Wiosenna 87,Katowice,Poland,1548.05
392,325,04/04/2025,Completed,ul. Letnia 57,Katowice,Poland,258.07
234,224,2025-05-01,returned,ul. Słoneczna 90,Białystok,Poland,216.47
326,267,2025-06-24,pending,ul. Polna 5,Wrocław,Poland,918.45
832,140,14/03/2026,completed,ul. Polna 62,Wrocław,,1037.52
311,350,10/05/2025,shipped,ul. Leśna 74,Katowice,Poland,1801.52
561,275,2025-06-16,PENDING,,Kraków,Poland,420.21
894,170,2025-06-02,Cancelled,ul. Wiosenna 93,Kraków,Poland,1638.65
718,146,2025-08-10,SHIPPED,ul. Polna 83,Rzeszów,Poland,463.11
789,467,16/01/2026,Completed,ul. Słoneczna 65,Białystok,Poland,948.37
926,384,08/06/2025,pending,ul. Letnia 9,Rzeszów,Poland,1420.86
258,216,2025-08-15,Completed,ul. Zielona 50,Wrocław,Poland,1294.46
731,21,2025-08-16,pending,ul. Różana 7,Kraków,Poland,1632.56
891,126,01/07/2025,pending,ul. Słoneczna 35,Szczecin,Poland,936.79
199,254,2025-04-13,CANCELLED,ul. Ogrodowa 18,Kielce,Poland,1107.69
459,274,02/07/2025,COMPLETED,ul. Kwiatowa 58,Białystok,Poland,1598.59
849,61,2025-04-10,completed,ul. Wiosenna 31,Szczecin,Poland,1723.0
40,268,14/11/2025,pending,ul. Kwiatowa 89,Kielce,Poland,1129.03
748,440,2025-04-04,shipped,ul. Letnia 39,Lublin,Poland,819.23
559,308,2025-04-14,CANCELLED,,Katowice,Poland,159.64
280,364,2025-07-12,returned,ul. Zielona 62,Kraków,Poland,1286.8
416,202,05/08/2025,returned,ul. Wiosenna 91,Wrocław,Poland,274.43
62,261,2025-05-08,shipped,ul. Letnia 60,Łódź,Poland,1395.13
543,11,03/03/2026,shipped,,Gdańsk,Poland,0.0
431,26,2025-08-04,pending,ul. Różana 36,Rzeszów,Poland,1013.09
156,6,29/08/2025,returned,ul. Polna 62,Katowice,Poland,1778.4
346,259,13/06/2025,Cancelled,ul. Leśna 24,Katowice,,541.48
248,178,2025-05-24,SHIPPED,ul. Polna 67,Rzeszów,Poland,1220.1
537,373,2025-06-01,Cancelled,ul. Polna 51,Wrocław,Poland,1400.47
652,411,04/05/2025,completed,ul. Lipowa 90,Lublin,Poland,600.91
948,425,2025-11-27,cancelled,ul. Zielona 82,Łódź,Poland,1435.17
369,181,24/06/2025,COMPLETED,ul. Letnia 27,Gdańsk,Poland,1679.54
793,107,2025-05-30,SHIPPED,ul. Zielona 46,Warszawa,Poland,1907.15
795,379,2025-05-18,PENDING,ul. Polna 71,Katowice,Poland,1041.01
640,441,19/01/2026,SHIPPED,ul. Polna 74,Łódź,Poland,1652.88
71,108,2025-06-22,completed,ul. Zielona 17,Poznań,Poland,0.0
705,391,15/02/2026,SHIPPED,ul. Różana 29,Warszawa,,283.23
228,83,23/08/2025,cancelled,ul. Zielona 50,Warszawa,Poland,413.15
895,286,12/07/2025,pending,ul. Kwiatowa 87,Kraków,Poland,1463.82
575,232,2025-05-19,CANCELLED,,Wrocław,Poland,1326.11
361,439,15/12/2025,completed,ul. Wiosenna 72,Białystok,Poland,847.96
158,451,18/04/2025,SHIPPED,,Katowice,Poland,1766.22
750,9999,13/03/2026,Cancelled,ul. Różana 70,Kraków,Poland,1131.16
341,41,10/12/2025,SHIPPED,ul. Zielona 81,Lublin,Poland,260.06
265,229,10/07/2025,shipped,ul. Wiosenna 85,Katowice,Poland,1467.11
37,321,2025-12-11,pending,ul. Ogrodowa 5,Poznań,Poland,1219.93
659,192,02/08/2025,COMPLETED,ul. Polna 75,Szczecin,Poland,420.85
635,369,2025-11-18,completed,ul. Leśna 31,Rzeszów,Poland,0.0
85,281,03/04/2025,Cancelled,ul. Słoneczna 21,Łódź,Poland,370.93
552,157,2025-11-07,returned,ul. Letnia 6,Wrocław,Poland,1183.19
319,29,2025-12-24,shipped,ul. Różana 88,Kielce,Poland,123.24
890,337,24/02/2026,returned,ul. Letnia 71,Łódź,Poland,1313.57
486,36,2025-10-24,pending,ul. Leśna 39,Łódź,Poland,1873.88
643,420,2025-06-12,cancelled,ul. Lipowa 29,Kielce,Poland,1394.01
528,208,19/01/2026,cancelled,ul. Różana 18,Szczecin,Poland,1632.85
91,7,2025-08-12,pending,,Poznań,Poland,153.32
639,130,15/10/2025,cancelled,ul. Wiosenna 97,Lublin,Poland,104.66
684,194,2025-09-09,pending,ul. Ogrodowa 52,Poznań,Poland,477.17
863,273,17/11/2025,CANCELLED,ul. Leśna 25,Lublin,Poland,1870.38
921,59,22/03/2026,completed,ul. Polna 45,Lublin,Poland,904.7
264,139,23/01/2026,SHIPPED,ul. Polna 41,Łódź,Poland,1932.36
610,373,2025-08-16,CANCELLED,ul. Słoneczna 92,Łódź,Poland,958.02
135,348,06/03/2026,COMPLETED,ul. Wiosenna 23,Warszawa,Poland,690.2
353,375,2025-07-12,PENDING,ul. Zielona 41,Kraków,Poland,589.93
423,231,04/08/2025,cancelled,ul. Ogrodowa 15,Łódź,Poland,779.27
219,391,06/05/2025,Completed,ul. Zielona 63,Warszawa,Poland,829.89
587,337,2026-02-21,cancelled,ul. Polna 80,Warszawa,Poland,773.73
868,320,2025-04-23,shipped,ul. Lipowa 15,Katowice,Poland,414.31
687,81,2025-06-08,returned,ul. Letnia 26,Warszawa,Poland,1526.21
424,77,2025-04-06,SHIPPED,ul. Letnia 79,Rzeszów,Poland,940.23
480,276,2025-06-13,cancelled,ul. Lipowa 73,Kraków,Poland,1072.89
827,113,2025-04-29,SHIPPED,ul. Leśna 67,Łódź,Poland,54.65
883,65,2026-01-20,returned,,Poznań,Poland,1481.83
743,70,2025-06-24,shipped,ul. Ogrodowa 16,Białystok,Poland,1283.4
707,403,2025-08-07,Completed,ul. Wiosenna 15,Kraków,Poland,698.62
753,253,04/03/2026,CANCELLED,ul. Różana 25,Lublin,Poland,1947.97
714,412,2026-01-12,SHIPPED,ul. Różana 11,Kraków,Poland,36.81
799,324,2025-10-04,cancelled,ul. Kwiatowa 24,Szczecin,Poland,750.71
320,357,2025-04-09,CANCELLED,ul. Lipowa 57,Kraków,Poland,748.06
588,195,2025-04-13,returned,ul. Różana 43,Gdańsk,Poland,1572.56
517,443,13/11/2025,PENDING,ul. Ogrodowa 54,Kielce,Poland,184.52
675,219,27/07/2025,SHIPPED,,Szczecin,Poland,378.59
263,27,2026-03-12,COMPLETED,,Poznań,Poland,1233.25
496,307,07/01/2026,Completed,,Gdańsk,Poland,1976.62
5,381,2025-10-09,completed,ul. Letnia 79,Łódź,Poland,426.16
822,321,2025-05-19,SHIPPED,ul. Słoneczna 71,Kielce,Poland,1464.92
807,257,25/06/2025,shipped,ul. Kwiatowa 24,Wrocław,Poland,78.21
608,100,21/10/2025,returned,ul. Leśna 91,Białystok,Poland,513.22
893,313,03/02/2026,Completed,ul. Zielona 75,Katowice,,891.48
73,473,2025-10-16,SHIPPED,ul. Zielona 78,Białystok,Poland,424.33
474,24,16/09/2025,Cancelled,ul. Zielona 76,Szczecin,Poland,698.53
34,285,08/04/2025,Cancelled,ul. Letnia 11,Kielce,Poland,1787.29
670,98,2025-10-29,pending,ul. Letnia 87,Szczecin,Poland,1345.98
205,381,2025-07-07,PENDING,ul. Ogrodowa 57,Kielce,Poland,328.66
920,237,15/10/2025,COMPLETED,ul. Słoneczna 47,Lublin,Poland,415.0
844,146,03/12/2025,Cancelled,ul. Słoneczna 14,Szczecin,Poland,300.71
923,81,21/08/2025,PENDING,ul. Różana 56,Łódź,Poland,1058.74
452,141,22/01/2026,Completed,ul. Kwiatowa 29,Gdańsk,Poland,627.19
233,181,28/08/2025,shipped,ul. Ogrodowa 15,Łódź,Poland,1114.45
847,311,2025-08-28,pending,ul. Letnia 32,Kraków,Poland,1369.43
45,267,25/02/2026,SHIPPED,ul. Lipowa 81,Katowice,Poland,140.16
83,107,10/08/2025,completed,,Rzeszów,Poland,700.44
438,193,26/01/2026,CANCELLED,ul. Lipowa 13,Szczecin,Poland,1150.08
191,9999,30/06/2025,cancelled,ul. Lipowa 26,Łódź,Poland,899.77
979,157,2025-04-10,returned,ul. Letnia 9,Rzeszów,Poland,1020.21
924,359,25/03/2026,completed,,Poznań,Poland,634.99
673,248,17/06/2025,Cancelled,ul. Polna 33,Białystok,Poland,765.59
112,91,2025-04-08,Completed,ul. Polna 65,Kraków,Poland,387.56
475,225,06/02/2026,Cancelled,ul. Lipowa 42,Rzeszów,Poland,317.83
183,27,27/11/2025,pending,ul. Kwiatowa 84,Gdańsk,Poland,662.63
715,253,11/04/2025,returned,ul. Kwiatowa 1,Katowice,Poland,1967.73
916,146,2026-01-05,pending,ul. Lipowa 18,Poznań,Poland,0.0
381,225,04/02/2026,completed,ul. Wiosenna 22,Kielce,Poland,1503.01
737,262,2025-04-26,SHIPPED,ul. Lipowa 46,Kraków,Poland,394.81
119,417,2025-05-14,cancelled,ul. Ogrodowa 87,Katowice,Poland,1483.63
94,262,05/12/2025,shipped,ul. Kwiatowa 30,Warszawa,Poland,631.52
788,469,06/11/2025,PENDING,ul. Lipowa 70,Łódź,Poland,964.02
859,428,2025-07-13,SHIPPED,ul. Kwiatowa 83,Lublin,Poland,809.22
896,28,05/01/2026,completed,ul. Słoneczna 98,Lublin,Poland,1378.31
360,345,2025-08-06,Completed,ul. Polna 94,Katowice,Poland,1754.21
61,323,29/01/2026,shipped,ul. Wiosenna 27,Rzeszów,Poland,1333.73
68,350,27/12/2025,SHIPPED,ul. Letnia 34,Warszawa,Poland,706.33
494,415,01/01/2026,cancelled,ul. Lipowa 21,Warszawa,Poland,1258.12
7,369,29/01/2026,shipped,ul. Słoneczna 28,Kraków,Poland,694.6
383,268,24/05/2025,cancelled,ul. Słoneczna 61,Katowice,Poland,1498.59
556,353,2025-11-06,completed,ul. Ogrodowa 23,Szczecin,Poland,1678.82
399,378,2025-04-24,cancelled,ul. Polna 76,Rzeszów,Poland,1882.28
813,19,04/11/2025,Completed,ul. Różana 96,Warszawa,Poland,1560.48
892,253,2025-09-14,PENDING,ul. Kwiatowa 74,Gdańsk,Poland,1625.31
781,359,05/02/2026,shipped,ul. Zielona 92,Rzeszów,Poland,375.99
800,96,2026-03-23,returned,,Szczecin,Poland,1728.91
247,466,2026-01-11,Completed,ul. Polna 85,Białystok,Poland,252.07
464,100,13/05/2025,SHIPPED,ul. Kwiatowa 33,Szczecin,Poland,369.53
269,263,2025-09-11,pending,,Szczecin,Poland,1742.27
165,102,2025-11-09,completed,ul. Różana 96,Gdańsk,Poland,414.0
188,374,2025-11-10,completed,ul. Polna 51,Kielce,Poland,162.66
530,427,12/12/2025,pending,ul. Wiosenna 83,Wrocław,Poland,1929.89
668,473,01/06/2025,returned,ul. Polna 61,Gdańsk,Poland,697.97
867,436,26/03/2026,SHIPPED,ul. Wiosenna 99,Kielce,Poland,35.05
966,452,2025-05-02,Cancelled,ul. Polna 98,Gdańsk,Poland,225.24
92,155,22/07/2025,COMPLETED,ul. Zielona 22,Poznań,Poland,1963.2
60,307,2025-05-13,pending,ul. Zielona 76,Wrocław,Poland,314.16
818,269,06/11/2025,completed,,Poznań,Poland,0.0
287,180,20/07/2025,returned,ul. Letnia 20,Kraków,Poland,1471.45
336,22,08/12/2025,completed,ul. Słoneczna 33,Warszawa,Poland,719.6
626,478,22/12/2025,SHIPPED,ul. Słoneczna 89,Kielce,Poland,620.67
574,402,09/08/2025,shipped,ul. Różana 48,Kielce,Poland,951.06
3,9999,27/02/2026,COMPLETED,ul. Różana 99,Łódź,Poland,93.45
516,46,30/05/2025,SHIPPED,ul. Leśna 86,Katowice,Poland,854.91
775,152,2025-04-30,Cancelled,ul. Polna 5,Kraków,Poland,745.95
482,451,16/01/2026,returned,ul. Polna 83,Białystok,Poland,1391.32
953,374,2025-09-10,Cancelled,ul. Polna 13,Poznań,Poland,1043.6
140,276,2025-04-10,completed,ul. Letnia 68,Katowice,Poland,1087.18
217,255,2026-03-27,Completed,ul. Słoneczna 71,Kraków,Poland,356.04
176,323,01/02/2026,completed,ul. Leśna 25,Rzeszów,Poland,1884.8
876,144,12/10/2025,SHIPPED,ul. Ogrodowa 41,Rzeszów,Poland,1014.02
765,410,31/12/2025,returned,ul. Letnia 1,Łódź,Poland,1385.48
282,100,22/09/2025,returned,,Poznań,Poland,1800.46
420,78,2025-09-17,returned,ul. Kwiatowa 34,Szczecin,Poland,1044.35
351,195,2026-01-03,shipped,ul. Słoneczna 99,Kraków,Poland,115.61
722,63,26/04/2025,returned,ul. Zielona 39,Rzeszów,Poland,87.0
225,32,30/09/2025,CANCELLED,ul. Leśna 7,Wrocław,Poland,1373.67
910,233,2025-11-13,pending,ul. Ogrodowa 71,Gdańsk,Poland,1529.89
648,243,19/09/2025,shipped,ul. Różana 89,Białystok,Poland,1943.3
65,118,08/08/2025,shipped,ul. Różana 58,Katowice,Poland,1005.14
51,299,19/01/2026,Completed,ul. Zielona 44,Poznań,Poland,0.0
19,444,17/02/2026,SHIPPED,ul. Różana 50,Wrocław,Poland,110.72
589,176,2025-10-08,PENDING,ul. Wiosenna 37,Poznań,Poland,1350.18
728,271,25/05/2025,SHIPPED,ul. Kwiatowa 59,Rzeszów,Poland,1993.64
1,259,2025-11-18,cancelled,ul. Różana 47,Kielce,Poland,1511.94
509,143,2025-09-10,PENDING,ul. Letnia 54,Katowice,Poland,1877.52
760,384,2025-11-06,pending,ul. Słoneczna 19,Poznań,Poland,47.26
746,168,2026-02-15,Completed,ul. Zielona 77,Kraków,Poland,543.12
773,118,12/11/2025,completed,ul. Ogrodowa 46,Katowice,Poland,1483.02
826,61,2025-09-02,completed,ul. Polna 96,Wrocław,Poland,1454.31
3,9999,27/02/2026,COMPLETED,ul. Różana 99,Łódź,Poland,93.45
955,413,11/04/2025,SHIPPED,ul. Zielona 71,Katowice,Poland,1143.1
518,413,2025-06-08,Cancelled,ul. Różana 86,Poznań,Poland,1422.89
446,91,21/07/2025,returned,,Białystok,Poland,1819.58
327,256,16/11/2025,PENDING,ul. Słoneczna 11,Warszawa,Poland,1000.81
47,287,2025-09-20,CANCELLED,,Szczecin,Poland,1326.25
498,337,24/05/2025,returned,ul. Wiosenna 64,Rzeszów,Poland,269.15
382,205,2026-02-02,CANCELLED,ul. Słoneczna 67,Gdańsk,Poland,1307.44
301,15,2026-02-01,SHIPPED,ul. Zielona 39,Warszawa,Poland,1247.36
698,303,22/01/2026,returned,ul. Różana 32,Łódź,,889.27
355,87,2026-03-14,shipped,ul. Leśna 1,Katowice,Poland,422.22
819,230,10/10/2025,PENDING,ul. Letnia 95,Lublin,Poland,482.82
108,340,28/03/2026,COMPLETED,ul. Różana 51,Rzeszów,Poland,1046.7
834,172,21/03/2026,completed,ul. Różana 68,Warszawa,Poland,600.21
776,390,2025-04-17,CANCELLED,ul. Lipowa 21,Katowice,Poland,89.56
376,391,07/02/2026,Cancelled,ul. Kwiatowa 51,Wrocław,Poland,235.72
749,160,31/08/2025,COMPLETED,ul. Słoneczna 95,Warszawa,Poland,1890.5
739,474,06/10/2025,completed,ul. Różana 97,Szczecin,Poland,1627.38
271,475,04/10/2025,CANCELLED,ul. Różana 65,Szczecin,Poland,559.73
725,446,26/11/2025,CANCELLED,,Gdańsk,Poland,495.25
55,110,2025-10-16,CANCELLED,ul. Polna 1,Gdańsk,,1118.29
461,376,02/03/2026,Completed,ul. Kwiatowa 27,Wrocław,Poland,965.02
905,478,2025-05-20,pending,,Białystok,Poland,432.64
602,77,2026-03-27,CANCELLED,ul. Polna 20,Białystok,Poland,52.45
525,157,2026-02-16,returned,ul. Zielona 64,Kielce,Poland,544.07
343,410,30/09/2025,pending,ul. Lipowa 89,Wrocław,Poland,831.65
489,108,2025-07-27,SHIPPED,ul. Ogrodowa 54,Wrocław,Poland,1023.68
618,72,2025-07-10,Completed,ul. Leśna 12,Gdańsk,Poland,837.03
887,337,10/02/2026,CANCELLED,,Łódź,Poland,1297.93
167,372,16/09/2025,Completed,,Kraków,Poland,701.36
182,115,2025-12-03,PENDING,,Łódź,Poland,283.28
273,26,06/02/2026,pending,,Warszawa,Poland,1073.62
940,372,11/06/2025,returned,ul. Wiosenna 86,Kielce,Poland,722.19
797,88,08/05/2025,returned,ul. Słoneczna 53,Poznań,Poland,851.2
413,358,23/12/2025,SHIPPED,ul. Polna 85,Gdańsk,Poland,198.99
607,214,2025-10-18,pending,ul. Ogrodowa 82,Katowice,Poland,1162.9
730,162,10/12/2025,Cancelled,ul. Kwiatowa 30,Kielce,Poland,545.42
624,319,2025-06-23,cancelled,ul. Polna 26,Białystok,Poland,1797.9
933,46,2026-01-12,returned,ul. Kwiatowa 81,Kielce,Poland,1863.16
288,471,2025-12-12,completed,ul. Ogrodowa 32,Kielce,Poland,1934.48
149,209,2025-05-11,COMPLETED,ul. Ogrodowa 100,Poznań,Poland,561.82
565,201,2025-11-05,shipped,,Łódź,Poland,1447.94
661,9999,23/01/2026,cancelled,ul. Wiosenna 28,Wrocław,Poland,443.96
690,402,03/01/2026,PENDING,ul. Różana 22,Wrocław,,1213.22
913,12,2026-01-27,Completed,ul. Letnia 84,Kraków,Poland,1730.83
99,105,2026-01-05,SHIPPED,ul. Leśna 31,Lublin,Poland,636.7
946,258,11/12/2025,PENDING,ul. Letnia 90,Lublin,Poland,883.1
190,391,12/03/2026,Completed,ul. Lipowa 35,Łódź,Poland,1588.95
617,18,20/10/2025,SHIPPED,ul. Kwiatowa 66,Warszawa,Poland,1003.42
395,258,28/05/2025,PENDING,,Poznań,Poland,1991.56
304,403,2025-05-01,PENDING,ul. Lipowa 83,Katowice,Poland,1324.76
500,129,2025-05-01,PENDING,ul. Wiosenna 86,Białystok,Poland,1769.49
981,274,16/04/2025,COMPLETED,ul. Zielona 28,Katowice,Poland,50.83
766,291,2025-07-31,pending,ul. Słoneczna 93,Szczecin,Poland,1180.66
688,469,2025-05-23,shipped,,Kraków,Poland,315.08
922,306,2026-03-19,pending,ul. Kwiatowa 43,Wrocław,Poland,1558.47
724,442,2026-01-25,cancelled,ul. Różana 85,Gdańsk,Poland,1738.91
298,201,2026-01-31,PENDING,ul. Polna 31,Lublin,Poland,889.48
468,272,2025-04-18,PENDING,ul. Leśna 74,Kielce,Poland,1537.47
499,413,09/12/2025,returned,,Kraków,Poland,1237.73
472,107,23/11/2025,PENDING,ul. Kwiatowa 42,Szczecin,Poland,1128.75
121,293,19/07/2025,completed,ul. Lipowa 39,Kielce,Poland,944.27
322,291,2026-03-27,pending,ul. Lipowa 8,Łódź,Poland,641.97
4,78,05/03/2026,returned,ul. Letnia 38,Szczecin,Poland,1116.15
344,287,30/09/2025,returned,ul. Leśna 58,Szczecin,Poland,1973.76
370,368,2026-01-11,cancelled,ul. Leśna 71,Rzeszów,Poland,1694.05
473,111,21/08/2025,PENDING,,Wrocław,Poland,1884.16
803,150,2025-12-14,pending,ul. Ogrodowa 25,Lublin,Poland,1423.58
947,203,2025-07-08,Cancelled,ul. Lipowa 55,Warszawa,Poland,613.8
143,187,06/01/2026,CANCELLED,ul. Kwiatowa 32,Poznań,,1811.15
378,371,05/12/2025,completed,ul. Słoneczna 53,Poznań,Poland,92.29
586,164,08/03/2026,returned,ul. Słoneczna 34,Katowice,Poland,560.22
780,11,2025-11-03,CANCELLED,ul. Wiosenna 12,Białystok,Poland,1803.65
6,404,20/08/2025,cancelled,ul. Różana 100,Wrocław,Poland,1084.12
567,266,22/05/2025,Completed,ul. Ogrodowa 48,Warszawa,Poland,482.65
81,23,2026-01-13,PENDING,ul. Letnia 38,Kielce,Poland,1450.37
310,13,26/04/2025,COMPLETED,ul. Polna 1,Gdańsk,Poland,1731.69
874,179,2026-01-23,cancelled,ul. Różana 54,Warszawa,Poland,1175.46
390,459,23/01/2026,shipped,ul. Różana 86,Katowice,Poland,252.25
192,170,2025-11-30,completed,ul. Słoneczna 81,Lublin,Poland,223.57
573,173,2025-09-11,Completed,ul. Leśna 32,Wrocław,Poland,1897.05
592,299,11/08/2025,returned,ul. Lipowa 79,Kraków,Poland,1837.64
535,295,11/08/2025,SHIPPED,ul. Zielona 56,Kraków,Poland,1128.72
647,318,02/08/2025,returned,ul. Kwiatowa 87,Katowice,Poland,715.96
843,372,11/06/2025,cancelled,,Szczecin,Poland,1638.57
368,313,2025-05-29,shipped,,Rzeszów,,1565.26
783,134,2026-01-24,Completed,,Katowice,Poland,1609.68
719,202,28/04/2025,Completed,ul. Wiosenna 46,Lublin,Poland,1632.98
442,215,05/09/2025,pending,ul. Zielona 29,Łódź,Poland,179.4
136,77,09/09/2025,pending,,Wrocław,Poland,1200.39
90,320,2025-06-30,CANCELLED,ul. Lipowa 30,Wrocław,Poland,49.69
23,24,2026-03-23,cancelled,ul. Różana 4,Lublin,Poland,247.0
130,193,2025-10-15,Completed,ul. Leśna 94,Wrocław,Poland,1733.56
243,13,27/01/2026,Cancelled,ul. Ogrodowa 24,Wrocław,Poland,403.78
609,456,2025-07-16,COMPLETED,ul. Polna 80,Gdańsk,Poland,1213.15
710,208,2025-06-05,PENDING,ul. Słoneczna 14,Łódź,Poland,453.53
24,87,2025-12-31,PENDING,ul. Polna 40,Szczecin,Poland,1923.02
886,70,2025-06-15,completed,ul. Zielona 12,Lublin,Poland,1488.96
466,388,28/07/2025,completed,ul. Letnia 61,Katowice,Poland,875.39
584,77,2025-04-26,pending,ul. Ogrodowa 38,Rzeszów,Poland,722.33
80,436,2025-11-27,Completed,ul. Różana 59,Szczecin,Poland,1145.86
465,264,2025-05-08,PENDING,ul. Letnia 32,Gdańsk,Poland,631.43
372,140,22/09/2025,returned,ul. Słoneczna 11,Kraków,Poland,1529.52
185,144,2026-03-26,shipped,ul. Zielona 14,Rzeszów,Poland,1314.57
440,352,13/05/2025,cancelled,ul. Letnia 51,Wrocław,Poland,938.55
907,405,13/09/2025,returned,ul. Ogrodowa 2,Białystok,Poland,317.25
823,438,2025-07-10,PENDING,ul. Ogrodowa 75,Szczecin,Poland,310.93
930,249,2026-03-09,Cancelled,ul. Słoneczna 32,Wrocław,Poland,885.05
32,411,2025-04-19,cancelled,ul. Wiosenna 35,Wrocław,Poland,437.04
373,8,30/06/2025,SHIPPED,ul. Lipowa 95,Białystok,Poland,1219.27
75,353,21/03/2026,Completed,ul. Różana 37,Wrocław,Poland,158.56
900,293,15/02/2026,completed,ul. Zielona 22,Rzeszów,Poland,1334.74
801,418,23/03/2026,pending,ul. Ogrodowa 31,Lublin,Poland,1664.22
497,244,2025-09-03,shipped,ul. Zielona 82,Warszawa,Poland,1807.71
982,387,26/04/2025,cancelled,ul. Zielona 16,Łódź,Poland,1034.73
677,21,17/06/2025,completed,,Gdańsk,Poland,582.69
699,239,25/09/2025,pending,ul. Różana 7,Wrocław,Poland,1847.04
542,130,2025-12-30,PENDING,ul. Leśna 45,Kielce,Poland,1508.59
484,300,18/10/2025,shipped,ul. Leśna 99,Białystok,Poland,1435.51
122,60,2025-07-01,pending,ul. Polna 97,Kielce,Poland,1986.86
580,244,2026-01-04,PENDING,ul. Letnia 21,Łódź,Poland,1822.26
651,49,2026-01-28,SHIPPED,ul. Kwiatowa 65,Katowice,Poland,563.99
533,40,25/01/2026,cancelled,ul. Leśna 69,Białystok,Poland,1572.75
569,9999,03/08/2025,SHIPPED,ul. Słoneczna 88,Białystok,Poland,490.58
572,206,2025-05-18,cancelled,ul. Różana 54,Szczecin,Poland,1905.7
939,332,13/01/2026,shipped,ul. Zielona 35,Łódź,Poland,1809.55
553,278,2025-10-25,completed,ul. Kwiatowa 39,Szczecin,Poland,123.82
240,411,27/08/2025,Completed,ul. Różana 94,Łódź,Poland,333.72
541,359,17/09/2025,CANCELLED,ul. Wiosenna 18,Gdańsk,Poland,371.27
899,418,14/06/2025,cancelled,,Kraków,Poland,1909.11
804,114,10/02/2026,COMPLETED,,Białystok,Poland,1759.62
471,391,2025-09-09,completed,ul. Ogrodowa 83,Łódź,Poland,58.57
622,343,03/09/2025,shipped,,Wrocław,Poland,1173.82
398,215,01/02/2026,completed,ul. Kwiatowa 41,Kraków,Poland,1708.1
164,457,2025-11-17,COMPLETED,ul. Wiosenna 21,Łódź,Poland,731.29
415,440,2026-02-16,pending,ul. Letnia 100,Gdańsk,,217.83
637,234,29/06/2025,Completed,ul. Ogrodowa 93,Lublin,Poland,1285.84
579,161,03/10/2025,pending,ul. Leśna 40,Kraków,Poland,1175.23
582,451,2025-09-21,Cancelled,ul. Kwiatowa 76,Rzeszów,Poland,893.05
744,275,04/11/2025,completed,ul. Kwiatowa 39,Kielce,Poland,531.4
548,314,14/08/2025,returned,ul. Różana 58,Kraków,Poland,507.52
387,131,10/05/2025,returned,ul. Zielona 20,Kraków,Poland,540.62
145,122,2026-01-21,PENDING,ul. Leśna 18,Białystok,Poland,569.24
568,289,2025-09-17,SHIPPED,,Wrocław,Poland,1100.25
302,465,2026-01-22,Cancelled,ul. Wiosenna 36,Warszawa,Poland,1714.56
208,317,2025-09-15,Completed,ul. Letnia 78,Kraków,Poland,640.12
562,434,2026-01-28,shipped,ul. Wiosenna 62,Kraków,Poland,788.37
430,453,2025-08-25,COMPLETED,ul. Zielona 34,Poznań,Poland,1591.57
441,231,2026-01-03,CANCELLED,ul. Letnia 43,Katowice,Poland,214.68
980,35,09/10/2025,Completed,ul. Słoneczna 86,Gdańsk,Poland,1655.19
779,291,2025-08-17,CANCELLED,ul. Wiosenna 36,Gdańsk,Poland,1472.16
576,222,2025-08-20,completed,ul. Różana 73,Kielce,Poland,1367.65
965,5,23/04/2025,CANCELLED,ul. Polna 16,Łódź,Poland,1528.83
377,74,20/02/2026,COMPLETED,ul. Leśna 63,Białystok,Poland,1240.65
16,268,2025-09-25,PENDING,ul. Słoneczna 38,Katowice,,1571.91
630,9999,2025-06-17,Completed,,Gdańsk,Poland,857.87
536,30,02/08/2025,Completed,,Gdańsk,Poland,1148.11
43,414,2025-12-09,CANCELLED,ul. Leśna 26,Łódź,Poland,1258.08
481,434,14/06/2025,Cancelled,ul. Leśna 97,Kraków,Poland,568.19
634,20,2025-08-08,CANCELLED,ul. Kwiatowa 74,Warszawa,Poland,1755.22
791,371,06/07/2025,Completed,ul. Zielona 16,Wrocław,Poland,1033.13
934,410,2025-09-26,returned,ul. Zielona 74,Lublin,Poland,1564.48
606,314,2026-01-27,shipped,ul. Ogrodowa 89,Łódź,Poland,144.99
838,321,19/09/2025,completed,ul. Zielona 90,Białystok,Poland,65.02
629,342,27/11/2025,COMPLETED,ul. Kwiatowa 4,Białystok,Poland,562.98
409,462,2025-04-09,COMPLETED,ul. Kwiatowa 21,Szczecin,Poland,1807.9
103,288,26/02/2026,cancelled,ul. Wiosenna 26,Łódź,Poland,0.0
332,203,2025-11-14,cancelled,ul. Słoneczna 84,Białystok,,1328.34
555,457,2025-10-22,COMPLETED,ul. Wiosenna 27,Białystok,Poland,1845.73
458,401,08/12/2025,pending,ul. Kwiatowa 52,Kielce,Poland,153.05
828,146,09/10/2025,CANCELLED,ul. Lipowa 19,Rzeszów,Poland,79.28
2,117,2025-08-27,CANCELLED,ul. Wiosenna 67,Kielce,Poland,308.26
289,134,02/06/2025,PENDING,ul. Różana 87,Gdańsk,Poland,1539.97
231,382,31/08/2025,shipped,ul. Zielona 49,Wrocław,Poland,1944.05
914,351,31/03/2026,pending,ul. Słoneczna 5,Wrocław,Poland,739.11
861,234,19/03/2026,returned,ul. Słoneczna 70,Łódź,Poland,761.57
721,76,2025-08-17,Completed,ul. Lipowa 37,Gdańsk,Poland,1442.91
93,348,13/04/2025,Completed,ul. Ogrodowa 86,Katowice,Poland,1825.96
726,143,01/01/2026,CANCELLED,,Warszawa,Poland,1604.41
89,343,2026-02-13,returned,ul. Polna 6,Szczecin,Poland,658.91
889,94,2025-06-12,SHIPPED,ul. Leśna 95,Szczecin,Poland,1470.95
307,408,2026-01-04,CANCELLED,ul. Różana 9,Warszawa,Poland,1696.67
380,248,21/02/2026,COMPLETED,ul. Lipowa 49,Łódź,Poland,1501.33
403,11,29/03/2026,pending,ul. Wiosenna 11,Rzeszów,Poland,1368.16
663,290,2025-05-18,CANCELLED,ul. Ogrodowa 29,Poznań,Poland,104.96
927,294,2025-11-27,returned,ul. Lipowa 41,Łódź,,1013.64
14,375,10/01/2026,Completed,ul. Wiosenna 92,Katowice,Poland,1729.28
76,266,2025-10-18,CANCELLED,ul. Lipowa 17,Lublin,Poland,790.21
95,388,2026-02-22,completed,ul. Wiosenna 38,Wrocław,Poland,95.06
276,353,2025-10-24,returned,,Łódź,Poland,1925.24
433,405,23/10/2025,COMPLETED,ul. Kwiatowa 91,Gdańsk,Poland,1461.76
400,429,03/03/2026,COMPLETED,ul. Letnia 19,Rzeszów,Poland,108.13
685,241,17/04/2025,SHIPPED,ul. Lipowa 58,Rzeszów,Poland,703.46
919,55,2026-03-19,COMPLETED,ul. Kwiatowa 60,Kraków,Poland,916.87
444,405,25/06/2025,shipped,ul. Polna 59,Gdańsk,Poland,954.89
447,370,31/03/2026,completed,ul. Różana 67,Katowice,Poland,845.84
48,9999,2025-08-27,SHIPPED,ul. Ogrodowa 84,Kielce,Poland,669.82
706,100,2026-01-16,CANCELLED,ul. Słoneczna 27,Warszawa,Poland,94.17
925,302,2026-02-28,COMPLETED,,Białystok,Poland,1829.58
21,287,2025-05-22,shipped,ul. Kwiatowa 73,Lublin,Poland,1795.79
340,262,17/07/2025,SHIPPED,ul. Leśna 49,Białystok,,774.56
77,106,2025-12-19,PENDING,ul. Wiosenna 21,Białystok,Poland,421.89
855,150,02/11/2025,SHIPPED,ul. Zielona 66,Lublin,Poland,581.46
449,372,29/09/2025,CANCELLED,ul. Letnia 81,Kielce,Poland,225.17
389,108,2025-12-06,pending,,Białystok,Poland,1751.74
975,395,26/07/2025,returned,ul. Lipowa 58,Katowice,Poland,428.43
761,272,2025-08-14,cancelled,ul. Leśna 58,Wrocław,Poland,964.13
338,213,2025-08-28,PENDING,ul. Ogrodowa 78,Gdańsk,Poland,1310.92
286,145,30/01/2026,completed,ul. Kwiatowa 56,Gdańsk,Poland,0.0
836,74,2025-09-27,pending,ul. Słoneczna 3,Katowice,Poland,793.66
837,230,09/09/2025,CANCELLED,ul. Zielona 18,Gdańsk,,1496.81
379,307,2026-04-01,PENDING,ul. Letnia 63,Lublin,Poland,486.76
968,9999,03/07/2025,completed,,Białystok,Poland,1427.71
187,374,27/09/2025,Completed,ul. Lipowa 64,Łódź,Poland,368.7
938,277,2025-08-04,cancelled,ul. Lipowa 24,Wrocław,Poland,1199.45
414,73,12/08/2025,CANCELLED,ul. Kwiatowa 85,Łódź,Poland,628.9
986,116,10/01/2026,shipped,ul. Zielona 14,Łódź,Poland,1325.87
856,280,16/03/2026,returned,ul. Ogrodowa 23,Wrocław,Poland,793.18
469,437,2025-04-29,Completed,ul. Letnia 61,Kielce,Poland,1458.41
18,159,13/10/2025,CANCELLED,ul. Zielona 17,Łódź,Poland,910.86
792,190,28/09/2025,PENDING,ul. Zielona 49,Rzeszów,,1257.53
751,42,2025-12-30,returned,ul. Lipowa 81,Warszawa,Poland,270.79
204,446,2026-01-18,cancelled,ul. Leśna 10,Warszawa,Poland,316.44
4,78,05/03/2026,returned,ul. Letnia 38,Szczecin,Poland,1116.15
36,190,19/08/2025,completed,ul. Kwiatowa 98,Poznań,Poland,399.19
101,185,2026-01-08,Cancelled,ul. Letnia 79,Rzeszów,Poland,1908.44
810,454,2025-10-26,SHIPPED,,Kraków,Poland,1158.56
693,434,2025-05-27,cancelled,ul. Słoneczna 60,Wrocław,Poland,1432.59
853,303,19/04/2025,PENDING,ul. Zielona 78,Lublin,Poland,52.01
324,362,03/10/2025,pending,ul. Słoneczna 47,Lublin,Poland,1063.15
603,139,2026-03-23,Cancelled,ul. Słoneczna 71,Poznań,Poland,1452.98
888,235,23/12/2025,Cancelled,ul. Leśna 73,Kielce,Poland,1678.96
419,204,08/05/2025,pending,ul. Leśna 6,Wrocław,Poland,780.45
317,392,08/10/2025,COMPLETED,ul. Zielona 95,Białystok,Poland,967.97
323,456,2025-11-05,Completed,ul. Wiosenna 85,Kraków,Poland,1877.97
200,253,07/12/2025,CANCELLED,,Rzeszów,Poland,1393.13
142,66,04/05/2025,Completed,,Poznań,Poland,1960.26
8,12,2025-07-01,SHIPPED,ul. Słoneczna 93,Szczecin,Poland,138.69
564,97,23/10/2025,completed,ul. Polna 44,Poznań,Poland,417.29
877,315,20/02/2026,CANCELLED,ul. Kwiatowa 18,Warszawa,Poland,1607.21
785,142,13/10/2025,completed,,Warszawa,Poland,1387.95
770,110,2026-02-13,completed,ul. Zielona 53,Kraków,Poland,1781.81
802,372,08/08/2025,SHIPPED,ul. Kwiatowa 87,Rzeszów,Poland,1285.38
432,205,21/04/2025,PENDING,ul. Różana 27,Warszawa,Poland,564.04
283,449,19/11/2025,returned,ul. Ogrodowa 51,Białystok,Poland,632.46
495,136,20/03/2026,completed,ul. Wiosenna 5,Rzeszów,Poland,112.07
806,209,23/02/2026,COMPLETED,ul. Zielona 98,Lublin,Poland,1983.02
49,53,2025-04-03,COMPLETED,ul. Leśna 74,Łódź,Poland,853.59
774,293,2025-11-14,pending,ul. Polna 30,Rzeszów,,1658.01
523,25,2025-04-11,returned,ul. Polna 27,Lublin,Poland,657.32
604,437,2025-04-28,completed,ul. Lipowa 9,Gdańsk,Poland,300.13
88,393,2025-11-27,cancelled,ul. Leśna 12,Warszawa,Poland,687.49
967,364,15/02/2026,cancelled,ul. Letnia 33,Lublin,Poland,1986.88
657,18,2025-06-22,CANCELLED,,Kraków,Poland,728.13
250,138,2025-12-22,COMPLETED,ul. Letnia 84,Poznań,Poland,883.4
666,44,19/01/2026,returned,,Poznań,Poland,1617.49
